Community,SPA,SD,CD,ca_ssd,ca_sad,us_cd,DemogSurvCt,YouthSurvCt,SheltHmisCt,totStreetSingAdult,totStreetFamHH,totStreetFamMem,totCars,totVans,totCampers,totTents,totEncamp,totCarPeople,totVanPeople,totCamperPeople,totTentPeople,totEncampPeople,FamCarHH,FamVanHH,FamCamperHH,FamTentHH,FamEncampHH,FamCarPeople,FamVanPeople,FamCamperPeople,FamTentPeople,FamEncampPeople,IndCarPeople,IndVanPeople,IndCamperPeople,IndTentPeople,IndEncampPeople,totYouthFamHH,totESAdultSingAdult,totESAdultFamHH,totESAdultFamMem,totESYouthSingYouth,totESYouthFamHH,totESYouthFamMem,totESYouthUnaccYouth,totTHAdultSingAdult,totTHAdultFamHH,totTHAdultFamMem,totTHYouthSingYouth,totTHYouthFamHH,totTHYouthFamMem,totTHYouthUnaccYouth,totSHAdultSingAdult,totSHAdultFamHH,totSHAdultFamMem,totSHYouthSingYouth,totSHYouthFamHH,totSHYouthFamMem,totSHYouthUnaccYouth,totUnsheltPeople,totESPeople,totTHPeople,totSHPeople,totSheltPeople,totPeople
Adams,6,2,8,30,53,37,15,7,8,75,1,2,22,15,43,36,22,35,27,90,61,42,1,0,1,0,0,3,1,5,1,0,32,26,85,61,42,0,0,65,186,0,0,0,0,0,0,0,5,0,0,0,0,0,0,0,0,0,0,333,186,5,0,191,524
Adams-La Brea,6,2,10,30,54,37,0,1,0,43,0,0,9,11,21,3,4,14,20,44,5,8,0,0,1,0,0,1,1,2,0,0,13,19,42,5,8,0,0,0,0,0,0,0,0,0,0,0,0,0,0,0,0,0,0,0,0,0,0,134,0,0,0,0,134
Agoura Hills,2,3,0,27,50,33,0,0,0,9,0,0,2,1,3,1,4,3,2,6,2,8,0,0,0,0,0,0,0,0,0,0,3,2,6,2,8,0,0,0,0,0,0,0,0,0,0,0,0,0,0,0,0,0,0,0,0,0,0,30,0,0,0,0,30
Agua Dulce,2,5,0,21,36,25,0,0,0,13,0,0,5,2,5,4,2,8,4,10,7,4,0,0,0,0,0,1,0,1,0,0,7,3,10,7,4,0,0,0,0,0,0,0,0,0,0,0,0,0,0,0,0,0,0,0,0,0,0,46,0,0,0,0,46
Alhambra,3,5,0,22,49,27,0,0,16,24,0,0,10,3,4,1,10,16,5,8,2,19,1,0,0,0,0,2,0,0,0,0,14,5,8,2,19,0,0,0,0,0,0,0,0,0,0,0,14,0,0,0,0,0,0,0,0,0,0,75,0,14,0,14,89
Alondra Park,8,2,0,35,66,43,0,0,0,6,0,0,2,0,1,1,1,3,0,2,2,2,0,0,0,0,0,0,0,0,0,0,3,0,2,2,2,0,0,0,0,0,0,0,0,0,0,0,0,0,0,0,0,0,0,0,0,0,0,15,0,0,0,0,15
Altadena,3,5,0,25,41,27,9,0,0,11,0,0,4,2,7,1,1,6,4,15,2,2,0,0,0,0,0,1,0,1,0,0,6,3,14,2,2,0,0,0,0,2,0,0,0,0,0,0,23,0,0,0,0,0,0,0,0,0,0,39,2,23,0,25,64
Angeles National Forest,2,3,7,25,39,28,0,0,0,56,0,0,11,3,7,17,6,17,5,15,29,12,1,0,0,0,0,2,0,1,0,0,16,5,14,29,11,0,0,0,0,0,0,0,0,11,50,169,2,6,16,0,0,0,0,0,0,0,0,134,0,198,0,198,332
Arcadia,3,5,0,22,49,27,0,0,0,1,0,0,2,1,2,0,2,3,2,4,0,4,0,0,0,0,0,0,0,0,0,0,3,2,4,0,4,0,0,0,0,0,0,0,0,0,0,0,0,0,0,0,0,0,0,0,0,0,0,14,0,0,0,0,14
Arleta,2,3,6,18,39,29,2,0,0,15,0,0,2,1,8,3,15,3,2,17,5,29,0,0,0,0,0,0,0,1,0,0,3,2,16,5,29,0,0,0,0,0,0,0,0,0,0,0,0,0,0,0,0,0,0,0,0,0,0,71,0,0,0,0,71
Artesia,7,4,0,32,58,38,0,0,0,4,0,0,0,1,0,0,1,0,2,0,0,2,0,0,0,0,0,0,0,0,0,0,0,2,0,0,2,0,0,0,0,0,0,0,0,0,0,0,0,0,0,0,0,0,0,0,0,0,0,8,0,0,0,0,8
Atwater Village,4,1,13,24,43,28,0,0,0,13,1,4,6,8,13,3,2,10,14,27,5,4,0,0,0,0,0,1,1,1,0,0,9,14,26,5,4,0,0,0,0,0,0,0,0,0,0,0,0,0,0,0,0,0,0,0,0,0,0,77,0,0,0,0,77
Avalon,8,4,0,26,70,47,0,0,0,6,0,0,0,0,0,0,0,0,0,0,0,0,0,0,0,0,0,0,0,0,0,0,0,0,0,0,0,0,0,0,0,0,0,0,0,0,0,0,0,0,0,0,0,0,0,0,0,0,0,6,0,0,0,0,6
Avocado Heights,3,1,0,22,57,32,53,0,88,12,0,0,0,0,3,7,10,0,0,6,12,19,0,0,0,0,0,0,0,0,0,0,0,0,6,12,19,0,10,0,0,0,0,0,0,0,0,0,0,0,0,0,0,0,0,0,0,0,0,49,10,0,0,10,59
Azusa,3,1,0,22,48,32,7,2,15,67,0,0,11,0,19,4,6,17,0,40,7,12,1,0,1,0,0,2,0,2,0,0,16,0,38,7,11,0,0,0,0,0,0,0,0,0,0,0,0,0,0,0,0,0,0,0,0,0,0,143,0,0,0,0,143
Baldwin Hills / Crenshaw,6,2,10,30,54,37,16,9,40,52,0,0,35,32,64,12,44,56,58,134,20,85,2,1,2,0,0,5,2,7,0,1,50,55,127,20,84,0,0,0,0,21,0,0,0,5,1,2,7,0,0,0,0,0,0,0,0,0,0,405,21,14,0,35,440
Baldwin Park,3,1,0,22,48,32,14,1,0,45,0,0,7,14,20,0,10,11,25,42,0,19,0,0,1,0,0,1,1,2,0,0,10,24,40,0,19,1,0,0,0,0,0,0,0,0,0,0,0,0,0,0,0,0,0,0,0,0,0,143,0,0,0,0,143
Bel Air-Beverly Crest,4,3,4,26,50,28,0,0,0,2,0,0,0,1,2,0,0,0,2,4,0,0,0,0,0,0,0,0,0,0,0,0,0,2,4,0,0,0,0,0,0,0,0,0,0,0,0,0,0,0,0,0,0,0,0,0,0,0,0,8,0,0,0,0,8
Bell,7,1,0,33,63,40,13,0,0,26,0,0,0,4,0,9,12,0,7,0,15,23,0,0,0,0,0,0,0,0,0,0,0,7,0,15,23,0,0,0,0,0,0,0,0,0,0,0,0,0,0,0,0,0,0,0,0,0,0,72,0,0,0,0,72
Bell Gardens,7,1,0,33,58,40,51,0,0,21,0,0,8,8,17,0,5,13,14,36,0,10,0,0,1,0,0,1,1,2,0,0,12,14,34,0,10,0,0,0,0,0,0,0,0,0,0,0,0,0,0,0,0,0,0,0,0,0,0,93,0,0,0,0,93
Bellflower,7,4,0,32,58,40,54,6,0,33,2,7,14,11,6,2,17,22,20,13,3,33,1,0,0,0,0,2,1,1,0,0,20,19,12,3,32,0,0,0,0,0,0,0,0,20,4,9,2,2,4,0,0,0,0,0,0,0,0,131,0,35,0,35,166
Beverly Hills,5,3,0,26,50,33,0,0,0,22,0,0,1,0,1,0,3,2,0,2,0,6,0,0,0,0,0,0,0,0,0,0,1,0,2,0,6,0,0,0,0,0,0,0,0,0,0,0,0,0,0,0,0,0,0,0,0,0,0,31,0,0,0,0,31
Boyle Heights,4,1,14,24,51,34,55,8,180,103,1,2,26,25,48,18,48,41,45,101,31,92,1,1,2,0,0,4,2,5,0,1,37,43,95,30,91,0,53,54,184,15,2,7,0,0,5,14,8,1,2,0,0,0,0,0,0,0,0,415,259,24,0,283,698
Bradbury,3,5,0,25,48,27,0,0,0,0,0,0,0,0,0,0,0,0,0,0,0,0,0,0,0,0,0,0,0,0,0,0,0,0,0,0,0,0,0,0,0,0,0,0,0,0,0,0,0,0,0,0,0,0,0,0,0,0,0,0,0,0,0,0,0
Brentwood,5,3,11,26,50,33,0,0,0,11,0,0,1,6,4,1,4,2,11,8,2,8,0,0,0,0,0,0,0,0,0,0,1,10,8,2,8,0,0,0,0,0,0,0,0,0,0,0,0,0,0,0,0,0,0,0,0,0,0,41,0,0,0,0,41
Burbank,2,5,0,25,43,28,5,1,0,61,0,0,12,13,19,6,18,19,24,40,10,35,1,0,1,0,0,2,1,2,0,0,17,23,38,10,34,0,0,0,0,0,0,0,0,11,7,25,5,0,0,0,0,0,0,0,0,0,0,188,0,41,0,41,229
Calabasas,2,3,0,27,45,33,0,0,0,4,0,0,1,0,0,0,0,2,0,0,0,0,0,0,0,0,0,0,0,0,0,0,1,0,0,0,0,0,0,0,0,0,0,0,0,0,0,0,0,0,0,0,0,0,0,0,0,0,0,6,0,0,0,0,6
Calabasas and Hidden Hills,2,3,0,27,45,30,0,0,0,0,0,0,0,0,0,0,0,0,0,0,0,0,0,0,0,0,0,0,0,0,0,0,0,0,0,0,0,0,0,0,0,0,0,0,0,0,0,0,0,0,0,0,0,0,0,0,0,0,0,0,0,0,0,0,0
Canoga Park,2,5,3,27,45,30,10,0,18,24,0,0,4,10,37,1,16,6,18,78,2,31,0,0,1,0,0,1,1,4,0,0,6,17,73,2,30,0,0,0,0,0,0,0,0,0,0,0,0,0,0,0,0,0,0,0,0,0,0,158,0,0,0,0,158
Canyon Country,2,5,0,21,38,25,1,0,0,0,0,0,3,0,0,0,0,5,0,0,0,0,0,0,0,0,0,0,0,0,0,0,4,0,0,0,0,0,0,0,0,0,0,0,0,0,0,0,0,0,0,0,0,0,0,0,0,0,0,5,0,0,0,0,5
Carson,8,2,0,35,64,44,9,0,0,39,0,0,13,21,74,26,42,21,38,155,44,81,1,0,2,0,0,2,2,8,1,1,19,36,147,44,80,0,0,0,0,0,0,0,0,0,0,0,0,0,0,0,0,0,0,0,0,0,0,378,0,0,0,0,378
Central Alameda,6,2,9,33,59,40,2,2,0,49,0,0,59,31,6,3,20,94,56,13,5,39,3,1,0,0,0,9,2,1,0,0,85,54,12,5,38,0,0,0,0,0,0,0,0,0,0,0,0,0,0,0,0,0,0,0,0,0,0,255,0,0,0,0,255
Cerritos,7,4,0,32,58,38,0,0,0,17,0,0,5,3,3,8,8,8,5,6,14,15,0,0,0,0,0,1,0,0,0,0,7,5,6,13,15,0,0,0,0,0,0,0,0,0,0,0,0,0,0,0,0,0,0,0,0,0,0,66,0,0,0,0,66
Charter Oak,3,5,0,22,48,32,0,0,0,1,0,0,4,1,8,1,2,6,2,17,2,4,0,0,0,0,0,1,0,1,0,0,6,2,16,2,4,0,0,0,0,0,0,0,0,0,0,0,0,0,0,0,0,0,0,0,0,0,0,31,0,0,0,0,31
Chatsworth,2,5,12,27,38,30,17,1,0,1,0,0,7,7,57,5,0,11,13,119,9,0,0,0,2,0,0,1,1,6,0,0,10,12,113,8,0,0,0,63,180,0,0,0,0,2,0,0,9,0,0,0,0,0,0,0,0,0,0,153,180,11,0,191,344
Chinatown,4,1,1,24,51,34,54,17,0,97,0,0,5,8,2,56,47,8,14,4,95,91,0,0,0,0,0,1,1,0,1,1,7,14,4,94,90,0,0,0,0,0,0,0,0,0,0,0,0,0,0,0,0,0,0,0,0,0,0,309,0,0,0,0,309
Citrus,3,1,0,22,48,32,4,0,0,7,0,0,0,1,0,0,0,0,2,0,0,0,0,0,0,0,0,0,0,0,0,0,0,2,0,0,0,0,0,0,0,0,0,0,0,0,0,0,0,0,0,0,0,0,0,0,0,0,0,9,0,0,0,0,9
Claremont,3,1,0,25,41,27,6,0,0,3,0,0,1,0,0,0,1,2,0,0,0,2,0,0,0,0,0,0,0,0,0,0,1,0,0,0,2,0,12,0,0,0,0,0,0,0,0,0,0,0,0,0,0,0,0,0,0,0,0,7,12,0,0,12,19
Commerce,7,1,0,32,58,40,0,0,298,2,0,0,6,4,25,1,2,10,7,52,2,4,0,0,1,0,0,1,0,3,0,0,9,7,50,2,4,0,238,0,0,6,0,0,0,101,0,0,0,0,0,0,0,0,0,0,0,0,0,77,244,101,0,345,422
Compton,6,2,0,35,64,44,41,14,0,63,0,0,25,39,71,2,17,40,71,149,3,33,1,1,2,0,0,4,3,8,0,0,36,68,141,3,32,0,0,56,160,0,0,0,0,0,13,36,0,0,0,0,0,0,0,0,0,0,0,358,160,36,0,196,554
Covina,3,5,0,29,55,32,0,1,4,28,0,0,13,5,5,0,3,21,9,10,0,6,1,0,0,0,0,2,0,1,0,0,19,9,10,0,6,0,0,0,0,0,0,0,0,0,2,6,0,0,0,0,0,0,0,0,0,0,0,74,0,6,0,6,80
Cudahy,7,1,0,33,63,40,16,0,0,14,0,0,1,0,1,0,2,2,0,2,0,4,0,0,0,0,0,0,0,0,0,0,1,0,2,0,4,0,0,49,140,0,0,0,0,0,0,0,0,0,0,0,0,0,0,0,0,0,0,22,140,0,0,140,162
Culver City,5,2,0,30,54,37,6,1,56,46,1,4,20,25,20,1,7,32,45,42,2,13,1,1,1,0,0,3,2,2,0,0,29,43,40,2,13,0,0,13,38,0,1,4,0,0,0,0,0,0,0,0,0,0,0,0,0,0,0,184,42,0,0,42,226
Cypress Park,4,1,1,24,51,34,0,0,0,4,0,0,5,11,13,0,0,8,20,27,0,0,0,0,0,0,0,1,1,1,0,0,7,19,26,0,0,0,0,0,0,0,0,0,0,0,0,0,0,0,0,0,0,0,0,0,0,0,0,59,0,0,0,0,59
Del Aire,8,2,0,35,62,43,0,0,0,9,0,0,2,4,6,0,0,3,7,13,0,0,0,0,0,0,0,0,0,1,0,0,3,7,12,0,0,0,0,0,0,0,0,0,0,0,0,0,0,0,0,0,0,0,0,0,0,0,0,32,0,0,0,0,32
Del Rey,5,2,11,26,54,37,7,0,0,22,0,0,6,13,57,4,10,10,24,119,7,19,0,0,2,0,0,1,1,6,0,0,9,23,113,7,19,0,0,0,0,0,0,0,0,0,0,0,0,0,0,0,0,0,0,0,0,0,0,201,0,0,0,0,201
Diamond Bar,3,4,0,29,55,39,0,0,0,2,0,0,0,0,1,0,0,0,0,2,0,0,0,0,0,0,0,0,0,0,0,0,0,0,2,0,0,0,0,0,0,0,0,0,0,0,0,0,0,0,0,0,0,0,0,0,0,0,0,4,0,0,0,0,4
Downey,7,4,0,32,58,40,3,2,0,38,0,0,19,2,5,12,11,30,4,10,20,21,1,0,0,0,0,3,0,1,0,0,27,3,10,20,21,0,0,0,0,0,0,0,0,0,0,0,0,0,0,0,0,0,0,0,0,0,0,124,0,0,0,0,124
Downtown Los Angeles,4,1,14,24,53,34,252,28,106,582,1,3,12,15,16,175,167,19,27,34,298,322,1,0,1,1,1,2,1,2,4,3,17,26,32,294,318,1,0,49,133,3,6,13,0,0,0,0,0,0,0,0,0,0,0,0,0,0,0,1284,149,0,0,149,1433
Duarte,3,5,0,25,48,32,30,0,0,9,1,6,0,4,4,0,1,0,7,8,0,2,0,0,0,0,0,0,0,0,0,0,0,7,8,0,2,0,0,0,0,0,0,0,0,0,0,0,0,0,0,0,0,0,0,0,0,0,0,33,0,0,0,0,33
Eagle Rock,4,1,14,24,51,34,4,6,0,24,0,0,18,20,50,25,14,29,36,105,43,27,1,0,2,0,0,3,2,6,1,0,26,35,99,42,27,0,0,0,0,0,0,0,0,0,0,0,0,0,0,0,0,0,0,0,0,0,0,263,0,0,0,0,263
East Los Angeles,7,1,0,24,51,40,31,9,0,68,0,0,21,61,76,15,37,33,110,159,26,71,1,1,2,0,0,3,5,8,0,1,30,106,151,25,70,0,0,37,106,0,0,0,0,0,0,0,0,0,0,0,0,0,0,0,0,0,0,468,106,0,0,106,574
East Pasadena,3,5,0,22,41,27,0,0,0,2,0,0,0,4,0,0,4,0,7,0,0,8,0,0,0,0,0,0,0,0,0,0,0,7,0,0,8,0,0,0,0,0,0,0,0,0,0,0,0,0,0,0,0,0,0,0,0,0,0,17,0,0,0,0,17
East San Gabriel,3,5,0,22,49,27,0,0,0,5,0,0,1,2,0,0,1,2,4,0,0,2,0,0,0,0,0,0,0,0,0,0,1,3,0,0,2,0,0,3,13,0,0,0,0,0,0,0,0,0,0,0,0,0,0,0,0,0,0,12,13,0,0,13,25
Echo Park,4,1,13,24,51,28,33,2,46,79,0,0,13,29,40,44,25,21,52,84,75,48,1,1,1,0,0,2,2,4,1,1,19,50,79,74,48,0,0,0,0,0,0,0,0,264,33,105,0,6,17,0,0,0,0,0,0,0,0,359,0,386,0,386,745
El Monte,3,1,0,22,49,32,16,0,0,94,0,0,29,11,12,4,23,46,20,25,7,44,1,0,0,0,0,4,1,1,0,0,42,19,24,7,44,0,8,85,242,0,0,0,0,17,0,0,6,0,0,0,0,0,0,0,0,0,0,236,250,23,0,273,509
El Segundo,8,4,0,26,62,33,0,0,0,1,0,0,2,5,5,1,0,3,9,10,2,0,0,0,0,0,0,0,0,1,0,0,3,9,10,2,0,0,0,0,0,0,0,0,0,0,0,0,0,0,0,0,0,0,0,0,0,0,0,25,0,0,0,0,25
El Sereno,4,1,14,24,51,34,10,2,0,21,0,0,15,4,46,1,6,24,7,96,2,12,1,0,1,0,0,2,0,5,0,0,22,7,91,2,11,0,0,24,69,0,0,0,0,0,0,0,0,0,0,0,0,0,0,0,0,0,0,162,69,0,0,69,231
Elysian Valley,4,1,13,24,51,28,0,0,0,7,0,0,6,2,5,0,2,10,4,10,0,4,0,0,0,0,0,1,0,1,0,0,9,3,10,0,4,0,0,0,0,0,0,0,0,0,0,0,0,0,0,0,0,0,0,0,0,0,0,34,0,0,0,0,34
Encino,2,3,5,27,45,30,0,0,0,10,0,0,2,1,4,1,5,3,2,8,2,10,0,0,0,0,0,0,0,0,0,0,3,2,8,2,10,0,0,0,0,0,0,0,0,0,0,0,0,0,0,0,0,0,0,0,0,0,0,35,0,0,0,0,35
Florence-Graham,7,2,0,33,59,40,61,2,0,98,1,2,45,43,86,2,28,72,78,180,3,54,2,1,3,0,0,7,3,10,0,1,65,75,171,3,53,0,0,21,60,0,0,0,0,0,0,0,0,0,0,0,0,0,0,0,0,0,0,487,60,0,0,60,547
Foothill Trails,2,5,7,25,39,28,25,0,0,40,0,0,5,3,11,1,24,8,5,23,2,46,0,0,0,0,0,1,0,1,0,0,7,5,22,2,46,0,0,0,0,0,0,0,0,0,0,0,0,0,0,0,0,0,0,0,0,0,0,124,0,0,0,0,124
Gardena,8,2,0,35,62,43,26,0,0,22,0,0,5,8,11,0,2,8,14,23,0,4,0,0,0,0,0,1,1,1,0,0,7,14,22,0,4,0,161,0,0,0,0,0,0,0,0,0,5,0,0,0,0,0,0,0,0,0,0,71,161,5,0,166,237
Glassell Park,4,1,14,24,51,34,0,0,0,2,0,0,1,8,34,1,5,2,14,71,2,10,0,0,1,0,0,0,1,4,0,0,1,14,67,2,10,0,0,0,0,0,0,0,0,0,0,0,0,0,0,0,0,0,0,0,0,0,0,101,0,0,0,0,101
Glendora,3,5,0,25,48,27,1,1,624,8,0,0,3,0,3,0,3,5,0,6,0,6,0,0,0,0,0,0,0,0,0,0,4,0,6,0,6,0,190,0,0,11,0,0,0,0,0,0,0,0,0,0,0,0,0,0,0,0,0,25,201,0,0,201,226
Granada Hills,2,5,12,18,38,30,7,0,0,28,1,3,11,3,13,3,5,17,5,27,5,10,1,0,0,0,0,2,0,1,0,0,16,5,26,5,10,0,0,0,0,0,0,0,0,0,0,0,0,0,0,0,0,0,0,0,0,0,0,96,0,0,0,0,96
Green Meadows,6,2,9,30,59,43,69,17,9,91,0,0,26,24,108,46,14,41,43,226,78,27,1,1,3,0,0,4,2,12,1,0,37,42,214,77,27,0,0,0,0,0,0,0,0,0,0,0,24,0,0,0,0,0,0,0,0,0,0,507,0,24,0,24,531
Hacienda Heights,3,4,0,32,57,39,3,0,0,14,0,0,10,1,2,0,6,16,2,4,0,12,1,0,0,0,0,2,0,0,0,0,14,2,4,0,11,0,0,0,0,0,0,0,0,0,0,0,0,0,0,0,0,0,0,0,0,0,0,47,0,0,0,0,47
Harbor City,8,4,15,35,66,43,16,0,0,19,0,0,2,7,28,2,7,3,13,59,3,13,0,0,1,0,0,0,1,3,0,0,3,12,56,3,13,0,0,0,0,0,0,0,0,0,0,0,0,0,0,0,0,0,0,0,0,0,0,110,0,0,0,0,110
Harbor Gateway,6,2,15,30,64,43,1,1,0,55,0,0,12,4,21,11,28,19,7,44,19,54,1,0,1,0,0,2,0,2,0,1,17,7,42,18,53,0,0,0,0,0,0,0,0,0,0,0,0,0,0,0,0,0,0,0,0,0,0,198,0,0,0,0,198
Hawaiian Gardens,7,4,0,32,63,38,0,0,0,20,0,0,3,7,2,3,3,5,13,4,5,6,0,0,0,0,0,0,1,0,0,0,4,12,4,5,6,0,0,0,0,0,0,0,0,0,0,0,0,0,0,0,0,0,0,0,0,0,0,53,0,0,0,0,53
Hawthorne,8,2,0,35,62,43,35,6,6,19,0,0,10,5,10,0,2,16,9,21,0,4,1,0,0,0,0,2,0,1,0,0,14,9,20,0,4,0,0,0,0,0,0,0,0,0,0,0,3,1,2,0,0,0,0,0,0,0,0,69,0,5,0,5,74
Hermosa Beach,8,4,0,26,66,33,0,0,7,10,0,0,0,0,1,0,1,0,0,2,0,2,0,0,0,0,0,0,0,0,0,0,0,0,2,0,2,0,0,0,0,0,0,0,5,0,0,0,0,0,0,0,0,0,0,0,0,0,0,14,5,0,0,5,19
Highland Park,4,1,14,24,51,34,4,0,0,26,0,0,11,14,32,9,7,17,25,67,15,13,1,0,1,0,0,2,1,4,0,0,16,24,63,15,13,0,0,0,0,0,0,0,0,0,0,0,0,0,0,0,0,0,0,0,0,0,0,165,0,0,0,0,165
Hollywood,4,3,4,25,43,28,299,167,888,346,0,0,59,65,63,140,109,94,118,132,238,210,3,1,2,1,1,9,5,7,3,2,85,113,125,235,208,1,114,9,32,88,1,5,19,20,6,16,98,0,0,10,0,0,0,0,0,0,0,1138,275,127,0,402,1540
Hollywood Hills West,2,3,4,26,46,28,4,11,5,91,0,0,10,5,4,15,12,16,9,8,26,23,1,0,0,0,0,2,0,0,0,0,14,9,8,25,23,0,0,0,0,0,0,0,0,0,0,0,8,0,0,0,0,0,0,0,0,0,0,173,0,8,0,8,181
Huntington Park,7,1,0,33,53,40,0,0,0,95,0,0,12,1,9,5,25,19,2,19,9,48,1,0,0,0,0,2,0,1,0,1,17,2,18,8,48,0,0,0,0,0,0,0,0,0,0,0,0,0,0,0,0,0,0,0,0,0,0,191,0,0,0,0,191
Industry,3,4,0,29,55,39,17,0,0,52,0,0,0,2,4,20,28,0,4,8,34,54,0,0,0,0,0,0,0,0,0,1,0,3,8,34,53,0,0,0,0,0,0,0,0,0,0,0,0,0,0,0,0,0,0,0,0,0,0,152,0,0,0,0,152
Inglewood,8,2,0,35,62,43,41,2,148,108,1,3,18,15,4,7,11,29,27,8,12,21,1,0,0,0,0,3,1,0,0,0,26,26,8,12,21,0,23,0,0,0,0,0,0,91,0,0,7,2,6,0,0,0,0,0,0,0,0,208,23,104,0,127,335
Irwindale,3,1,0,22,48,32,0,5,0,13,0,0,7,2,6,2,3,11,4,13,3,6,0,0,0,0,0,1,0,1,0,0,10,3,12,3,6,0,0,0,0,0,0,0,0,0,0,0,0,0,0,0,0,0,0,0,0,0,0,50,0,0,0,0,50
Kinneloa Mesa,3,5,0,25,41,27,0,0,0,1,0,0,0,0,0,0,0,0,0,0,0,0,0,0,0,0,0,0,0,0,0,0,0,0,0,0,0,0,0,0,0,0,0,0,0,0,0,0,0,0,0,0,0,0,0,0,0,0,0,1,0,0,0,0,1
La Ca¤ada Flintridge,2,5,0,25,43,28,0,0,0,0,0,0,0,0,0,0,0,0,0,0,0,0,0,0,0,0,0,0,0,0,0,0,0,0,0,0,0,0,0,0,0,0,0,0,0,0,0,0,0,0,0,0,0,0,0,0,0,0,0,0,0,0,0,0,0
La Crescenta-Montrose,2,5,0,25,43,28,0,0,0,0,0,0,0,0,1,0,0,0,0,2,0,0,0,0,0,0,0,0,0,0,0,0,0,0,2,0,0,0,0,0,0,0,0,0,0,0,0,0,0,0,0,0,0,0,0,0,0,0,0,2,0,0,0,0,2
La Habra Heights,7,4,0,32,57,39,0,0,0,2,0,0,0,0,0,0,0,0,0,0,0,0,0,0,0,0,0,0,0,0,0,0,0,0,0,0,0,0,0,0,0,0,0,0,0,0,0,0,0,0,0,0,0,0,0,0,0,0,0,2,0,0,0,0,2
La Mirada,7,4,0,32,57,38,0,0,0,2,0,0,0,0,4,0,1,0,0,8,0,2,0,0,0,0,0,0,0,0,0,0,0,0,8,0,2,0,0,0,0,0,0,0,0,0,0,0,0,0,0,0,0,0,0,0,0,0,0,12,0,0,0,0,12
La Puente,3,1,0,22,57,32,5,0,0,14,0,0,0,0,3,0,3,0,0,6,0,6,0,0,0,0,0,0,0,0,0,0,0,0,6,0,6,0,0,0,0,0,0,0,0,0,0,0,0,0,0,0,0,0,0,0,0,0,0,26,0,0,0,0,26
La Rambla,8,4,15,35,70,44,1,0,0,2,0,0,1,4,5,0,1,2,7,10,0,2,0,0,0,0,0,0,0,1,0,0,1,7,10,0,2,0,0,0,0,0,0,0,0,0,0,0,0,0,0,0,0,0,0,0,0,0,0,23,0,0,0,0,23
La Verne,3,5,0,25,41,32,0,0,0,2,0,0,3,0,1,0,1,5,0,2,0,2,0,0,0,0,0,0,0,0,0,0,4,0,2,0,2,0,0,0,0,0,0,0,0,0,0,0,26,0,0,0,0,0,0,0,0,0,0,11,0,26,0,26,37
Ladera Heights,5,2,0,30,54,37,0,0,0,1,0,0,5,5,0,0,0,8,9,0,0,0,0,0,0,0,0,1,0,0,0,0,7,9,0,0,0,0,0,0,0,0,0,0,0,0,0,0,0,0,0,0,0,0,0,0,0,0,0,18,0,0,0,0,18
Lake Balboa,2,3,6,18,46,29,106,6,0,40,0,0,17,7,38,40,74,27,13,80,68,142,1,0,1,0,0,3,1,4,1,2,24,12,75,67,141,0,0,0,0,0,0,0,0,0,0,0,0,0,0,0,0,0,0,0,0,0,0,370,0,0,0,0,370
Lakewood,7,4,0,32,63,38,12,0,0,34,0,0,13,8,8,2,16,21,14,17,3,31,1,0,0,0,0,2,1,1,0,0,19,14,16,3,30,0,0,0,0,0,0,0,0,0,0,0,0,0,0,0,0,0,0,0,0,0,0,120,0,0,0,0,120
Lancaster,1,5,0,21,36,25,242,76,1900,153,0,0,20,5,34,36,114,32,9,71,61,220,1,0,1,0,1,3,0,4,1,2,29,9,67,61,217,53,78,0,0,2,0,0,0,0,0,0,12,2,4,0,0,0,0,0,0,0,0,546,80,16,0,96,642
Lawndale,8,2,0,35,62,43,17,0,0,16,0,0,0,0,4,0,4,0,0,8,0,8,0,0,0,0,0,0,0,0,0,0,0,0,8,0,8,0,0,0,0,0,0,0,0,8,1,2,0,0,0,0,0,0,0,0,0,0,0,32,0,10,0,10,42
Lennox,8,2,0,35,62,43,40,0,0,41,0,0,24,12,12,0,9,38,22,25,0,17,1,0,0,0,0,4,1,1,0,0,35,21,24,0,17,0,0,0,0,0,0,0,0,0,0,0,0,0,0,0,0,0,0,0,0,0,0,143,0,0,0,0,143
Lincoln Heights,4,1,1,24,51,34,17,9,0,40,0,0,9,16,30,7,35,14,29,63,12,67,0,0,1,0,0,1,1,3,0,1,13,28,60,12,67,0,0,0,0,0,0,0,0,0,0,0,0,0,0,0,0,0,0,0,0,0,0,225,0,0,0,0,225
Lomita,8,4,0,26,66,43,0,0,0,3,0,0,1,2,4,0,0,2,4,8,0,0,0,0,0,0,0,0,0,0,0,0,1,3,8,0,0,0,0,0,0,0,0,0,0,0,4,14,0,0,0,0,0,0,0,0,0,0,0,17,0,14,0,14,31
Los Feliz,4,3,4,24,43,28,0,3,0,59,0,0,2,8,3,23,17,3,14,6,39,33,0,0,0,0,0,0,1,0,0,0,3,14,6,39,32,0,0,0,0,0,0,0,0,0,0,0,0,0,0,0,0,0,0,0,0,0,0,155,0,0,0,0,155
Lynwood,6,2,0,33,63,44,7,2,0,46,0,0,4,6,9,8,19,6,11,19,14,37,0,0,0,0,0,1,0,1,0,0,6,10,18,13,36,0,0,0,0,0,0,0,0,0,0,0,0,0,0,0,0,0,0,0,0,0,0,132,0,0,0,0,132
Malibu,5,3,0,27,50,33,0,0,0,53,1,4,13,10,9,11,24,21,18,19,19,46,1,0,0,0,0,2,1,1,0,0,19,17,18,18,46,0,0,0,0,0,0,0,0,0,0,0,0,0,0,0,0,0,0,0,0,0,0,180,0,0,0,0,180
Malibu Lake,2,3,0,27,50,33,0,0,0,0,0,0,4,0,0,0,0,6,0,0,0,0,0,0,0,0,0,1,0,0,0,0,6,0,0,0,0,0,0,0,0,0,0,0,0,0,0,0,0,0,0,0,0,0,0,0,0,0,0,6,0,0,0,0,6
Manhattan Beach,8,4,0,26,66,33,0,0,0,1,0,0,1,1,0,0,1,2,2,0,0,2,0,0,0,0,0,0,0,0,0,0,1,2,0,0,2,0,0,0,0,0,0,0,0,0,0,0,0,0,0,0,0,0,0,0,0,0,0,6,0,0,0,0,6
Mar Vista,5,2,11,30,54,37,1,1,0,30,0,0,5,22,22,6,15,8,40,46,10,29,0,0,1,0,0,1,2,2,0,0,7,38,44,10,29,0,0,0,0,0,0,0,0,8,0,0,0,0,0,0,0,0,0,0,0,0,0,163,0,8,0,8,171
Marina del Rey,5,4,11,26,62,33,0,0,0,1,0,0,0,5,9,1,0,0,9,19,2,0,0,0,0,0,0,0,0,1,0,0,0,9,18,2,0,0,0,0,0,0,0,0,0,0,0,0,0,0,0,0,0,0,0,0,0,0,0,31,0,0,0,0,31
Mayflower Village,3,5,0,22,48,32,0,0,0,5,0,0,1,0,2,0,0,2,0,4,0,0,0,0,0,0,0,0,0,0,0,0,1,0,4,0,0,0,0,0,0,0,0,0,0,0,0,0,0,0,0,0,0,0,0,0,0,0,0,11,0,0,0,0,11
Maywood,7,1,0,33,63,40,26,0,0,10,0,0,0,0,1,0,4,0,0,2,0,8,0,0,0,0,0,0,0,0,0,0,0,0,2,0,8,0,70,0,0,0,0,0,0,0,0,0,0,0,0,0,0,0,0,0,0,0,0,20,70,0,0,70,90
Mid City,4,2,10,30,54,37,0,0,189,12,0,0,5,3,23,13,8,8,5,48,22,15,0,0,1,0,0,1,0,3,0,0,7,5,46,22,15,0,18,0,0,0,0,0,0,0,0,0,0,0,0,0,0,0,0,0,0,0,0,111,18,0,0,18,129
Mid-City West,4,3,5,26,50,28,3,2,0,114,0,0,3,1,6,13,25,5,2,13,22,48,0,0,0,0,0,0,0,1,0,1,4,2,12,22,48,0,0,0,0,0,0,0,0,0,0,0,0,0,0,0,0,0,0,0,0,0,0,203,0,0,0,0,203
Miracle Mile,4,3,5,26,50,28,7,1,0,68,0,0,5,19,21,5,23,8,34,44,9,44,0,0,1,0,0,1,1,2,0,0,7,33,42,8,44,0,0,0,0,0,0,0,0,0,0,0,0,0,0,0,0,0,0,0,0,0,0,207,0,0,0,0,207
Mission Hills,2,3,7,18,39,29,46,0,58,49,0,0,18,7,31,12,28,29,13,65,20,54,1,0,1,0,0,3,1,3,0,1,26,12,61,20,53,0,0,0,0,0,0,0,0,0,0,0,0,0,0,0,0,0,0,0,0,0,0,230,0,0,0,0,230
Monrovia,3,5,0,25,41,27,13,0,0,14,0,0,2,1,5,0,5,3,2,10,0,10,0,0,0,0,0,0,0,1,0,0,3,2,10,0,10,0,0,0,0,0,0,0,0,0,0,0,0,0,0,0,0,0,0,0,0,0,0,39,0,0,0,0,39
Montebello,7,1,0,32,49,38,2,3,0,37,0,0,41,49,49,6,30,65,89,103,10,58,2,1,2,0,0,6,4,5,0,1,59,85,97,10,57,0,0,0,0,0,0,0,0,0,0,0,0,0,0,0,0,0,0,0,0,0,0,361,0,0,0,0,361
Monterey Park,3,1,0,22,49,27,0,0,0,12,0,0,1,3,1,1,0,2,5,2,2,0,0,0,0,0,0,0,0,0,0,0,1,5,2,2,0,0,0,0,0,0,0,0,0,0,0,0,0,0,0,0,0,0,0,0,0,0,0,23,0,0,0,0,23
North El Monte,3,5,0,22,49,27,0,0,0,0,0,0,0,0,0,0,0,0,0,0,0,0,0,0,0,0,0,0,0,0,0,0,0,0,0,0,0,0,0,0,0,0,0,0,0,0,0,0,0,0,0,0,0,0,0,0,0,0,0,0,0,0,0,0,0
North Hills,2,3,12,18,46,29,40,1,0,172,0,0,12,5,14,49,22,19,9,29,83,42,1,0,0,0,0,2,0,2,1,0,17,9,28,82,42,0,0,0,0,0,0,0,0,0,0,0,4,5,11,0,0,0,0,0,0,0,0,355,0,15,0,15,370
North Hollywood,2,3,2,18,39,29,49,23,272,127,0,0,60,65,111,7,37,95,118,233,12,71,3,1,4,0,0,9,5,12,0,1,86,113,220,12,70,0,43,0,0,0,0,0,0,0,18,61,24,3,7,0,0,0,0,0,0,0,0,656,43,92,0,135,791
Northridge,2,5,12,27,38,30,0,0,0,19,0,0,10,5,24,5,1,16,9,50,9,2,1,0,1,0,0,2,0,3,0,0,14,9,48,8,2,0,0,30,88,0,3,9,0,0,0,0,0,0,0,0,0,0,0,0,0,0,0,105,97,0,0,97,202
Norwalk,7,4,0,32,57,38,41,17,21,74,0,0,18,6,5,14,68,29,11,10,24,131,1,0,0,0,0,3,0,1,0,1,26,10,10,24,130,2,0,53,152,0,0,0,0,35,0,0,3,0,0,0,0,0,0,0,0,0,0,279,152,38,0,190,469
Pacific Palisades,5,3,11,26,50,33,5,0,0,33,1,4,13,2,3,5,13,21,4,6,9,25,1,0,0,0,0,2,0,0,0,0,19,3,6,8,25,0,0,0,0,0,0,0,0,0,0,0,0,0,0,0,0,0,0,0,0,0,0,101,0,0,0,0,101
Pacoima,2,3,7,18,39,29,2,3,23,61,0,0,23,21,45,4,18,37,38,94,7,35,1,0,1,0,0,3,2,5,0,0,33,36,89,7,34,0,0,8,21,0,0,0,0,0,0,0,8,0,0,0,0,0,0,0,0,0,0,271,21,8,0,29,300
Palmdale,1,5,0,21,36,25,29,20,0,55,0,0,8,2,63,18,56,13,4,132,31,108,0,0,2,0,0,1,0,7,0,1,12,3,125,30,107,0,0,0,0,0,0,0,0,0,0,0,0,0,0,0,0,0,0,0,0,0,0,342,0,0,0,0,342
Palms,5,3,5,26,50,37,1,0,0,89,0,0,28,19,26,8,36,45,34,54,14,69,1,0,1,0,0,4,1,3,0,1,40,33,52,13,69,0,4,0,0,0,0,0,0,0,0,0,0,0,0,0,0,0,0,0,0,0,0,305,4,0,0,4,309
Palos Verdes Estates,8,4,0,26,66,33,0,0,0,0,0,0,0,0,0,0,0,0,0,0,0,0,0,0,0,0,0,0,0,0,0,0,0,0,0,0,0,0,0,0,0,0,0,0,0,0,0,0,0,0,0,0,0,0,0,0,0,0,0,0,0,0,0,0,0
Panorama City,2,3,6,18,46,29,64,7,0,39,0,0,18,5,11,4,23,29,9,23,7,44,1,0,0,0,0,3,0,1,0,0,26,9,22,7,44,0,0,54,154,0,0,0,0,0,0,0,0,0,0,0,0,0,0,0,0,0,0,151,154,0,0,154,305
Paramount,6,4,0,33,63,40,2,0,0,30,0,0,10,14,4,8,9,16,25,8,14,17,1,0,0,0,0,2,1,0,0,0,14,24,8,13,17,0,0,0,0,0,0,0,0,0,0,0,0,0,0,0,0,0,0,0,0,0,0,111,0,0,0,0,111
Pico Rivera,7,1,0,32,58,38,7,0,0,33,0,0,26,8,29,7,27,41,14,61,12,52,1,0,1,0,0,4,1,3,0,1,37,14,58,12,51,0,0,0,0,0,0,0,0,0,0,0,0,0,0,0,0,0,0,0,0,0,0,213,0,0,0,0,213
Pico Union,4,1,1,24,53,34,21,0,0,45,0,0,9,17,11,13,41,14,31,23,22,79,0,0,0,0,0,1,1,1,0,1,13,29,22,22,78,0,0,0,0,0,0,0,0,0,0,0,0,0,0,0,0,0,0,0,0,0,0,214,0,0,0,0,214
Pomona,3,1,0,20,52,35,123,3,228,177,0,0,21,9,25,31,30,33,16,52,53,58,1,0,1,0,0,3,1,3,1,1,30,16,50,52,57,0,131,46,132,28,1,3,0,72,40,97,18,2,6,0,0,0,0,0,0,0,0,390,294,193,0,487,877
Porter Ranch,2,5,12,27,38,25,0,0,0,1,0,0,1,0,1,0,0,2,0,2,0,0,0,0,0,0,0,0,0,0,0,0,1,0,2,0,0,0,0,0,0,0,0,0,0,0,0,0,0,0,0,0,0,0,0,0,0,0,0,5,0,0,0,0,5
Rampart Village,4,1,13,24,51,34,23,7,6,71,1,3,12,16,10,28,31,19,29,21,48,60,1,0,0,0,0,2,1,1,1,1,17,28,20,47,59,0,0,0,0,0,0,0,0,0,0,0,0,0,0,0,0,0,0,0,0,0,0,250,0,0,0,0,250
Rancho Palos Verdes,8,4,0,26,66,33,0,0,0,0,0,0,0,0,1,0,0,0,0,2,0,0,0,0,0,0,0,0,0,0,0,0,0,0,2,0,0,0,0,0,0,0,0,0,0,0,0,0,0,0,0,0,0,0,0,0,0,0,0,2,0,0,0,0,2
Redondo Beach,8,4,0,26,66,33,54,0,0,105,0,0,23,20,36,0,4,37,36,75,0,8,1,0,1,0,0,3,2,4,0,0,33,35,71,0,8,0,0,0,0,0,0,0,0,0,0,0,0,0,0,0,0,0,0,0,0,0,0,261,0,0,0,0,261
Reseda,2,3,12,27,45,30,0,5,0,23,0,0,11,6,29,9,12,17,11,61,15,23,1,0,1,0,0,2,0,3,0,0,16,10,58,15,23,0,0,0,0,0,0,0,0,40,0,0,3,0,0,0,0,0,0,0,0,0,0,151,0,43,0,43,194
Rolling Hills,8,4,0,26,66,33,0,0,0,0,0,0,0,0,0,0,0,0,0,0,0,0,0,0,0,0,0,0,0,0,0,0,0,0,0,0,0,0,0,0,0,0,0,0,0,0,0,0,0,0,0,0,0,0,0,0,0,0,0,0,0,0,0,0,0
Rolling Hills Estates,8,4,0,26,66,33,12,0,0,0,0,0,0,0,0,0,0,0,0,0,0,0,0,0,0,0,0,0,0,0,0,0,0,0,0,0,0,0,0,0,0,0,0,0,0,0,0,0,0,0,0,0,0,0,0,0,0,0,0,0,0,0,0,0,0
Rosemead,3,1,0,22,49,27,5,0,0,22,0,0,8,1,1,1,5,13,2,2,2,10,0,0,0,0,0,1,0,0,0,0,12,2,2,2,10,0,0,0,0,0,0,0,0,0,0,0,0,0,0,0,0,0,0,0,0,0,0,50,0,0,0,0,50
Rowland Heights,3,4,0,29,55,39,0,0,0,12,0,0,4,4,3,1,2,6,7,6,2,4,0,0,0,0,0,1,0,0,0,0,6,7,6,2,4,0,8,0,0,0,0,0,0,0,0,0,0,0,0,0,0,0,0,0,0,0,0,37,8,0,0,8,45
San Dimas,3,5,0,25,41,32,1,1,0,4,0,0,1,0,1,0,0,2,0,2,0,0,0,0,0,0,0,0,0,0,0,0,1,0,2,0,0,0,0,0,0,0,0,0,0,0,0,0,0,0,0,0,0,0,0,0,0,0,0,8,0,0,0,0,8
San Fernando,2,3,0,18,39,29,0,0,0,8,0,0,5,1,7,0,1,8,2,15,0,2,0,0,0,0,0,1,0,1,0,0,7,2,14,0,2,0,0,0,0,0,0,0,0,0,0,0,0,0,0,0,0,0,0,0,0,0,0,34,0,0,0,0,34
San Gabriel,3,5,0,22,49,27,14,0,0,5,0,0,0,0,1,0,1,0,0,2,0,2,0,0,0,0,0,0,0,0,0,0,0,0,2,0,2,0,0,0,0,0,0,0,0,0,0,0,0,0,0,0,0,0,0,0,0,0,0,9,0,0,0,0,9
San Marino,3,5,0,25,49,27,0,0,0,0,0,0,0,0,0,0,0,0,0,0,0,0,0,0,0,0,0,0,0,0,0,0,0,0,0,0,0,0,0,0,0,0,0,0,0,0,0,0,0,0,0,0,0,0,0,0,0,0,0,0,0,0,0,0,0
San Pasqual,3,5,0,25,41,27,0,0,0,0,0,0,0,0,0,0,0,0,0,0,0,0,0,0,0,0,0,0,0,0,0,0,0,0,0,0,0,0,0,0,0,0,0,0,0,0,0,0,0,0,0,0,0,0,0,0,0,0,0,0,0,0,0,0,0
San Pedro,8,4,15,35,70,33,49,6,74,107,0,0,53,31,40,8,19,84,56,84,14,37,3,1,1,0,0,8,2,4,0,0,76,54,79,13,36,0,0,31,107,0,2,6,0,0,24,65,0,0,0,0,0,0,0,0,0,0,0,381,113,65,0,178,559
Santa Clarita,2,5,0,21,38,25,1,0,116,10,0,0,29,16,35,2,3,46,29,73,3,6,1,0,1,0,0,4,1,4,0,0,42,28,69,3,6,0,56,31,89,4,0,0,0,0,4,14,0,0,0,0,0,0,0,0,0,0,0,168,149,14,0,163,331
Santa Fe Springs,7,4,0,32,57,38,34,5,0,40,3,10,21,5,23,5,7,33,9,48,9,13,1,0,1,0,0,3,0,3,0,0,30,9,46,8,13,40,0,0,0,0,0,0,0,0,0,0,0,0,0,0,0,0,0,0,0,0,0,163,0,0,0,0,163
Santa Monica,5,3,0,26,50,33,211,40,164,466,0,0,29,29,10,4,12,46,52,21,7,23,1,1,0,0,0,4,2,1,0,0,42,50,20,7,23,3,15,0,0,4,0,23,0,101,20,63,13,1,3,0,18,0,0,0,0,0,0,615,42,180,18,240,855
Santa Susana Mountains,2,5,0,27,38,25,0,0,0,0,0,0,0,0,0,0,0,0,0,0,0,0,0,0,0,0,0,0,0,0,0,0,0,0,0,0,0,0,0,0,0,0,0,0,0,0,0,0,0,0,0,0,0,0,0,0,0,0,0,0,0,0,0,0,0
Sherman Oaks,2,3,2,18,46,30,2,0,0,29,0,0,7,4,6,1,6,11,7,13,2,12,0,0,0,0,0,1,0,1,0,0,10,7,12,2,11,0,0,0,0,0,0,0,0,0,0,0,0,0,0,0,0,0,0,0,0,0,0,73,0,0,0,0,73
Sierra Madre,3,5,0,25,41,27,0,0,0,1,0,0,0,0,0,0,0,0,0,0,0,0,0,0,0,0,0,0,0,0,0,0,0,0,0,0,0,0,0,0,0,0,0,0,0,0,0,0,0,0,0,0,0,0,0,0,0,0,0,1,0,0,0,0,1
Signal Hill,7,4,0,33,70,47,0,0,0,4,0,0,8,3,2,0,1,13,5,4,0,2,0,0,0,0,0,1,0,0,0,0,12,5,4,0,2,0,0,0,0,0,0,0,0,0,0,0,0,0,0,0,0,0,0,0,0,0,0,28,0,0,0,0,28
Silver Lake,4,1,13,24,43,28,0,5,0,10,0,0,8,6,10,6,33,13,11,21,10,64,0,0,0,0,0,1,0,1,0,1,12,10,20,10,63,0,0,0,0,0,0,0,0,0,0,0,0,0,0,0,0,0,0,0,0,0,0,128,0,0,0,0,128
Skid Row,4,1,14,30,53,34,481,8,2520,808,0,0,21,2,6,403,205,33,4,13,686,395,1,0,0,2,1,3,0,1,9,4,30,3,12,678,391,0,1096,48,134,29,4,8,0,1213,0,0,66,0,0,0,0,0,0,0,0,0,0,1939,1249,1297,0,2546,4485
South Central,4,1,9,30,59,37,196,2,685,107,0,0,14,29,34,99,91,22,52,71,169,175,1,1,1,1,1,2,2,4,2,2,20,50,67,166,173,0,277,70,200,0,0,0,0,65,0,0,2,0,0,0,0,0,0,0,0,0,0,597,477,67,0,544,1141
South El Monte,3,1,0,22,57,38,0,2,0,6,0,0,3,3,11,0,7,5,5,23,0,13,0,0,0,0,0,0,0,1,0,0,4,5,22,0,13,0,0,0,0,0,0,0,0,0,0,0,0,0,0,0,0,0,0,0,0,0,0,53,0,0,0,0,53
South Gate,7,1,0,33,59,44,20,0,0,41,0,0,14,17,17,3,12,22,31,36,5,23,1,0,1,0,0,2,1,2,0,0,20,29,34,5,23,0,0,0,0,0,0,0,0,0,0,0,0,0,0,0,0,0,0,0,0,0,0,158,0,0,0,0,158
South Park,6,2,9,30,59,40,79,9,0,260,0,0,33,43,87,72,95,52,78,182,123,183,2,1,3,0,1,5,3,10,2,2,47,75,173,121,181,0,0,6,19,0,0,0,0,0,0,0,0,0,0,0,0,0,0,0,0,0,0,878,19,0,0,19,897
South Pasadena,3,5,0,25,41,27,0,0,0,8,0,0,2,0,0,0,0,3,0,0,0,0,0,0,0,0,0,0,0,0,0,0,3,0,0,0,0,0,0,0,0,0,0,0,0,0,0,0,0,0,0,0,0,0,0,0,0,0,0,11,0,0,0,0,11
South San Gabriel,3,1,0,22,49,27,0,0,0,2,0,0,0,7,4,0,3,0,13,8,0,6,0,0,0,0,0,0,1,0,0,0,0,12,8,0,6,0,0,0,0,0,0,0,0,0,0,0,0,0,0,0,0,0,0,0,0,0,0,29,0,0,0,0,29
South San Jose Hills,3,1,0,22,57,32,0,0,0,0,0,0,0,2,2,0,1,0,4,4,0,2,0,0,0,0,0,0,0,0,0,0,0,3,4,0,2,0,0,0,0,0,0,0,0,0,0,0,0,0,0,0,0,0,0,0,0,0,0,10,0,0,0,0,10
South Vermont,6,2,8,30,59,37,65,5,19,109,1,3,55,24,27,22,35,87,43,57,37,67,3,1,1,0,0,8,2,3,0,1,79,42,54,37,67,0,85,160,458,2,0,0,0,0,0,0,0,0,0,0,0,0,0,0,0,0,0,404,545,0,0,545,949
South Whittier,7,4,0,32,57,38,2,1,77,29,0,0,4,0,15,0,7,6,0,31,0,13,0,0,0,0,0,1,0,2,0,0,6,0,30,0,13,0,0,0,0,0,0,0,0,0,0,0,130,9,18,0,0,0,0,0,0,0,0,80,0,148,0,148,228
Stevenson Ranch,2,5,0,27,38,25,0,0,0,0,0,0,1,0,0,0,0,2,0,0,0,0,0,0,0,0,0,0,0,0,0,0,1,0,0,0,0,0,0,0,0,0,0,0,0,0,0,0,0,0,0,0,0,0,0,0,0,0,0,2,0,0,0,0,2
Studio City,2,3,2,18,46,30,4,0,0,16,0,0,4,7,2,7,14,6,13,4,12,27,0,0,0,0,0,1,1,0,0,0,6,12,4,12,27,0,0,0,0,0,0,0,0,0,0,0,0,0,0,0,0,0,0,0,0,0,0,78,0,0,0,0,78
Sun Valley,2,5,2,25,39,28,92,5,146,68,0,0,14,22,99,1,35,22,40,207,2,67,1,0,3,0,0,2,2,11,0,1,20,38,196,2,67,1,141,7,20,3,3,7,0,19,0,0,42,0,0,0,0,0,0,0,0,0,0,407,171,61,0,232,639
Sunland-Tujunga,2,5,7,25,39,28,11,1,0,56,0,0,1,3,15,3,5,2,5,31,5,10,0,0,0,0,0,0,0,2,0,0,1,5,30,5,10,0,0,0,0,0,0,0,0,0,0,0,0,0,0,0,0,0,0,0,0,0,0,109,0,0,0,0,109
Sylmar,2,5,7,18,39,29,16,1,0,28,0,0,21,7,58,5,11,33,13,122,9,21,1,0,2,0,0,3,1,6,0,0,30,12,115,8,21,0,130,0,0,40,0,0,0,0,0,0,0,0,0,0,0,0,0,0,0,0,0,225,170,0,0,170,395
Tarzana,2,3,5,27,45,30,8,1,0,25,0,0,0,1,19,0,12,0,2,40,0,23,0,0,1,0,0,0,0,2,0,0,0,2,38,0,23,0,0,0,0,0,0,0,0,0,0,0,0,0,0,0,0,0,0,0,0,0,0,90,0,0,0,0,90
Temple City,3,5,0,22,49,27,0,0,0,12,0,0,1,2,0,0,3,2,4,0,0,6,0,0,0,0,0,0,0,0,0,0,1,3,0,0,6,0,0,0,0,0,0,0,0,0,0,0,0,0,0,0,0,0,0,0,0,0,0,23,0,0,0,0,23
Topanga,2,3,0,27,50,33,0,0,0,51,0,0,14,4,6,5,12,22,7,13,9,23,1,0,0,0,0,2,0,1,0,0,20,7,12,8,23,0,0,0,0,0,0,0,0,0,0,0,0,0,0,0,0,0,0,0,0,0,0,125,0,0,0,0,125
Torrance,8,4,0,35,66,43,11,0,0,28,0,0,14,18,18,5,2,22,33,38,9,4,1,0,1,0,0,2,1,2,0,0,20,31,36,8,4,0,0,0,0,0,0,0,0,0,3,12,0,0,0,0,0,0,0,0,0,0,0,133,0,12,0,12,145
Unincorporated Antelope Valley,1,5,0,21,36,25,24,0,0,55,3,14,40,17,520,28,183,64,31,1089,48,352,2,0,16,0,1,6,1,58,1,4,58,29,1032,47,349,0,0,137,392,0,0,0,0,0,0,0,0,0,0,0,0,0,0,0,0,0,0,1653,392,0,0,392,2045
Unincorporated Catalina,8,4,0,26,70,47,0,0,0,0,0,0,0,0,0,0,0,0,0,0,0,0,0,0,0,0,0,0,0,0,0,0,0,0,0,0,0,0,0,0,0,0,0,0,0,0,0,0,0,0,0,0,0,0,0,0,0,0,0,0,0,0,0,0,0
Unincorporated Compton,6,2,0,35,64,44,0,0,0,14,0,0,1,4,44,1,2,2,7,92,2,4,0,0,1,0,0,0,0,5,0,0,1,7,87,2,4,0,0,127,363,0,0,0,0,0,0,0,0,0,0,0,0,0,0,0,0,0,0,121,363,0,0,363,484
Unincorporated East Whittier,7,4,0,32,57,38,0,0,0,15,0,0,2,0,2,0,4,3,0,4,0,8,0,0,0,0,0,0,0,0,0,0,3,0,4,0,8,0,0,0,0,0,0,0,0,0,0,0,0,0,0,0,0,0,0,0,0,0,0,30,0,0,0,0,30
Unincorporated Whittier,7,4,0,32,57,38,0,0,0,3,0,0,0,0,1,0,2,0,0,2,0,4,0,0,0,0,0,0,0,0,0,0,0,0,2,0,4,0,0,0,0,0,0,0,0,0,0,0,0,0,0,0,0,0,0,0,0,0,0,9,0,0,0,0,9
Universal City,2,3,0,18,46,30,0,0,0,1,0,0,0,0,0,0,2,0,0,0,0,4,0,0,0,0,0,0,0,0,0,0,0,0,0,0,4,0,0,0,0,0,0,0,0,0,0,0,0,0,0,0,0,0,0,0,0,0,0,5,0,0,0,0,5
University Park,6,1,1,30,59,37,0,0,0,45,0,0,3,5,5,8,22,5,9,10,14,42,0,0,0,0,0,0,0,1,0,0,4,9,10,13,42,0,0,0,0,0,0,0,0,0,0,0,0,0,0,0,0,0,0,0,0,0,0,125,0,0,0,0,125
US Department of Affairs West LA Campus,5,3,0,26,54,33,10,0,407,10,0,0,6,15,13,0,7,10,27,27,0,13,0,0,0,0,0,1,1,1,0,0,9,26,26,0,13,0,111,0,0,3,0,0,0,177,0,0,1,0,0,0,0,0,0,0,0,0,0,87,68,224,0,292,379
Valinda,3,1,0,22,48,32,0,0,0,8,0,0,1,1,4,0,7,2,2,8,0,13,0,0,0,0,0,0,0,0,0,0,1,2,8,0,13,0,0,0,0,0,0,0,0,0,0,0,0,0,0,0,0,0,0,0,0,0,0,33,0,0,0,0,33
Valley Village,2,3,2,18,46,30,0,8,0,31,0,0,8,3,18,5,17,13,5,38,9,33,0,0,1,0,0,1,0,2,0,0,12,5,36,8,32,0,0,0,0,0,0,0,0,0,0,0,0,0,0,0,0,0,0,0,0,0,0,128,0,0,0,0,128
Van Nuys,2,3,2,18,46,29,109,7,0,72,0,0,20,10,44,45,82,32,18,92,77,158,1,0,1,0,0,3,1,5,1,2,29,17,87,76,156,0,0,0,0,0,0,0,15,50,0,0,5,0,0,0,0,0,0,0,0,0,0,449,15,55,0,70,519
Venice,5,3,11,26,62,33,208,109,16,195,0,0,46,107,74,90,90,73,193,155,153,173,2,2,2,1,1,7,8,8,2,2,66,185,147,151,171,1,0,11,32,0,3,7,0,22,22,67,0,0,0,0,0,0,0,0,0,0,0,943,39,89,0,128,1071
Vermont Square,6,2,8,30,54,37,85,4,603,189,1,7,29,33,55,37,98,46,60,115,63,189,1,1,2,0,1,4,2,6,1,2,42,57,109,62,187,0,313,0,0,6,0,0,0,23,22,77,2,0,0,0,0,0,0,0,0,0,0,669,319,102,0,421,1090
Vernon,7,1,0,33,53,40,30,0,0,0,0,0,0,0,0,0,0,0,0,0,0,0,0,0,0,0,0,0,0,0,0,0,0,0,0,0,0,0,0,0,0,0,0,0,0,0,0,0,0,0,0,0,0,0,0,0,0,0,0,0,0,0,0,0,0
View Park-Windsor Hills,6,2,0,30,54,37,0,0,0,3,0,0,7,1,0,0,1,11,2,0,0,2,0,0,0,0,0,1,0,0,0,0,10,2,0,0,2,0,0,0,0,0,0,0,0,0,0,0,0,0,0,0,0,0,0,0,0,0,0,18,0,0,0,0,18
Vincent,3,1,0,22,48,32,0,0,0,2,0,0,0,0,1,0,0,0,0,2,0,0,0,0,0,0,0,0,0,0,0,0,0,0,2,0,0,0,0,0,0,0,0,0,0,0,0,0,0,0,0,0,0,0,0,0,0,0,0,4,0,0,0,0,4
Walnut,3,1,0,29,55,39,0,0,0,2,0,0,0,0,2,0,0,0,0,4,0,0,0,0,0,0,0,0,0,0,0,0,0,0,4,0,0,0,0,0,0,0,0,0,0,0,0,0,0,0,0,0,0,0,0,0,0,0,0,6,0,0,0,0,6
Walnut Park,7,1,0,33,59,44,0,0,0,2,0,0,0,0,0,0,1,0,0,0,0,2,0,0,0,0,0,0,0,0,0,0,0,0,0,0,2,0,0,0,0,0,0,0,0,0,0,0,0,0,0,0,0,0,0,0,0,0,0,4,0,0,0,0,4
Watts,6,2,15,35,64,44,22,2,0,121,0,0,7,7,18,1,12,11,13,38,2,23,0,0,1,0,0,1,1,2,0,0,10,12,36,2,23,0,0,81,232,0,0,0,0,0,0,0,0,0,0,0,0,0,0,0,0,0,0,207,232,0,0,232,439
West Adams-Expo Park,4,2,10,30,54,37,82,4,12,55,4,11,71,27,55,10,23,113,49,115,17,44,4,1,2,0,0,11,2,6,0,0,102,47,109,17,44,0,0,0,0,0,0,0,0,17,0,0,0,7,14,0,0,0,0,0,0,0,0,404,0,31,0,31,435
West Carson,8,2,0,35,66,43,0,0,0,17,0,0,1,7,27,5,11,2,13,57,9,21,0,0,1,0,0,0,1,3,0,0,1,12,54,8,21,0,0,0,0,0,0,0,0,0,0,0,0,0,0,0,0,0,0,0,0,0,0,118,0,0,0,0,118
West Compton,6,2,0,35,64,44,0,0,0,4,0,0,14,7,90,0,2,22,13,189,0,4,1,0,3,0,0,2,1,10,0,0,20,12,179,0,4,0,0,0,0,0,0,0,0,0,0,0,0,0,0,0,0,0,0,0,0,0,0,231,0,0,0,0,231
West Covina,3,1,0,22,48,32,36,1,0,79,0,0,11,3,8,4,17,17,5,17,7,33,1,0,0,0,0,2,0,1,0,0,16,5,16,7,32,0,0,0,0,0,0,0,0,0,0,0,0,0,0,0,0,0,0,0,0,0,0,158,0,0,0,0,158
West Hills,2,5,12,27,45,30,1,0,0,2,0,0,5,7,26,1,3,8,13,54,2,6,0,0,1,0,0,1,1,3,0,0,7,12,52,2,6,0,0,0,0,0,0,0,0,0,0,0,0,0,0,0,0,0,0,0,0,0,0,85,0,0,0,0,85
West Hollywood,4,3,0,26,50,28,5,6,0,92,0,0,0,2,0,1,4,0,4,0,2,8,0,0,0,0,0,0,0,0,0,0,0,3,0,2,8,0,0,0,0,0,0,0,0,0,0,0,0,0,0,0,0,0,0,0,0,0,0,105,0,0,0,0,105
West Los Angeles,5,3,11,26,54,37,8,0,378,53,1,2,6,5,18,2,21,10,9,38,3,40,0,0,1,0,0,1,0,2,0,0,9,9,36,3,40,0,117,0,0,3,0,0,0,0,0,0,0,0,0,0,0,0,0,0,0,0,0,155,120,0,0,120,275
West Puente Valley,3,1,0,22,48,32,5,0,0,4,0,0,3,2,8,0,0,5,4,17,0,0,0,0,0,0,0,0,0,1,0,0,4,3,16,0,0,0,0,0,0,0,0,0,0,0,0,0,0,0,0,0,0,0,0,0,0,0,0,29,0,0,0,0,29
West Whittier-Los Nietos,7,4,0,32,57,38,5,0,0,36,1,3,3,5,10,5,10,5,9,21,9,19,0,0,0,0,0,0,0,1,0,0,4,9,20,8,19,0,0,0,0,0,0,0,0,0,0,0,0,0,0,0,0,0,0,0,0,0,0,102,0,0,0,0,102
Westchester/Playa Del Rey,5,2,11,26,62,43,125,3,10,38,0,0,65,41,126,53,70,103,74,264,90,135,3,1,4,0,0,10,3,14,1,1,94,71,250,89,133,0,0,0,0,0,0,0,0,0,0,0,14,2,4,0,0,0,0,0,0,0,0,705,0,18,0,18,723
Westlake,4,1,13,24,51,34,32,9,124,224,3,20,23,22,16,84,106,37,40,34,143,204,1,0,1,0,1,3,2,2,2,2,33,38,32,141,202,0,20,65,186,1,0,0,8,214,50,106,14,14,28,0,0,0,0,0,0,0,0,701,215,362,0,577,1278
Westlake Village,2,3,0,27,44,26,0,0,0,2,0,0,1,0,0,0,0,2,0,0,0,0,0,0,0,0,0,0,0,0,0,0,1,0,0,0,0,0,0,0,0,0,0,0,0,0,0,0,0,0,0,0,0,0,0,0,0,0,0,4,0,0,0,0,4
Westmont / West Athens,8,2,0,30,59,43,66,8,187,77,0,0,3,2,16,11,10,5,4,34,19,19,0,0,1,0,0,0,0,2,0,0,4,3,32,18,19,0,12,0,0,3,0,0,0,0,0,0,0,0,0,0,0,0,0,0,0,0,0,157,15,0,0,15,172
Westside,5,3,5,30,54,37,0,1,0,24,0,0,6,6,7,19,18,10,11,15,32,35,0,0,0,0,0,1,0,1,0,0,9,10,14,32,34,0,0,59,169,0,0,0,0,0,0,0,0,0,0,0,0,0,0,0,0,0,0,126,169,0,0,169,295
Westwood,5,3,5,26,54,33,6,0,3,97,0,0,8,3,4,6,11,13,5,8,10,21,0,0,0,0,0,1,0,0,0,0,12,5,8,10,21,0,0,0,0,0,0,0,0,0,0,0,0,0,0,0,0,0,0,0,0,0,0,155,0,0,0,0,155
Whittier,7,4,0,32,57,38,57,9,301,58,0,0,15,10,22,1,7,24,18,46,2,13,1,0,1,0,0,2,1,2,0,0,22,17,44,2,13,0,0,8,22,0,0,0,0,28,0,0,3,0,0,0,0,0,0,0,0,0,0,161,22,31,0,53,214
Whittier Narrows,3,1,0,22,57,38,0,0,0,22,0,0,0,7,5,17,6,0,13,10,29,12,0,0,0,0,0,0,1,1,0,0,0,12,10,29,11,0,0,3,19,0,2,7,0,0,1,4,0,0,0,0,0,0,0,0,0,0,0,86,26,4,0,30,116
Willowbrook,6,2,0,35,64,44,8,3,0,31,0,0,33,16,106,0,9,52,29,222,0,17,2,0,3,0,0,5,1,12,0,0,47,28,210,0,17,0,13,0,0,1,0,0,0,0,0,0,9,0,0,0,0,0,0,0,0,0,0,352,14,9,0,23,375
Wilmington,8,4,15,35,64,44,91,0,0,127,0,0,38,29,112,4,40,60,52,235,7,77,2,1,4,0,0,6,2,12,0,1,55,50,222,7,76,0,40,0,0,0,0,0,0,0,0,0,0,0,0,0,0,0,0,0,0,0,0,558,40,0,0,40,598
Wilshire Center-Koreatown,4,2,13,24,53,34,7,0,0,96,0,0,18,25,7,68,35,29,45,15,116,67,1,1,0,0,0,3,2,1,1,1,26,43,14,114,67,0,0,0,0,0,0,0,0,0,0,0,0,0,0,0,0,0,0,0,0,0,0,368,0,0,0,0,368
Winnetka,2,3,3,27,45,30,4,0,0,6,0,0,2,3,28,0,3,3,5,59,0,6,0,0,1,0,0,0,0,3,0,0,3,5,56,0,6,0,0,0,0,0,0,0,0,0,0,0,0,0,0,0,0,0,0,0,0,0,0,79,0,0,0,0,79
Woodland Hills,2,3,3,27,45,30,7,0,0,16,0,0,2,3,24,6,6,3,5,50,10,12,0,0,1,0,0,0,0,3,0,0,3,5,48,10,11,0,0,0,0,0,0,0,0,0,0,0,0,0,0,0,0,0,0,0,0,0,0,97,0,0,0,0,97
Unincorporated Palmdale,1,5,0,21,36,25,0,0,0,11,0,0,1,0,269,1,6,2,0,564,2,12,0,0,9,0,0,0,0,30,0,0,1,0,534,2,11,0,0,0,0,0,0,0,0,0,0,0,0,0,0,0,0,0,0,0,0,0,0,589,0,0,0,0,589
