tract,totYouthIndiv,totUnsheltPeople,totESPeople,totTHPeople,totSHPeople,totSheltPeople,totPeople
221500,0,18,0,0,0,0,18
221601,0,21,0,0,0,0,21
221710,0,18,0,0,0,0,18
221810,0,30,0,0,0,0,30
221820,0,11,0,0,0,0,11
221900,0,4,0,0,0,0,4
222001,0,15,0,0,0,0,15
222002,0,7,0,0,0,0,7
222100,0,2,0,0,0,0,2
222200,0,8,0,0,0,0,8
222500,0,14,0,0,0,0,14
222600,0,3,0,0,0,0,3
222700,0,11,0,0,0,0,11
231210,0,2,0,0,0,0,2
231220,0,9,84,0,0,84,93
231300,0,35,0,0,0,0,35
231400,0,17,0,0,0,0,17
219500,0,19,0,0,0,0,19
219700,0,17,0,0,0,0,17
219800,0,6,0,0,0,0,6
219901,0,4,0,0,0,0,4
219902,0,8,0,0,0,0,8
220000,0,23,0,0,0,0,23
220100,0,15,0,0,0,0,15
800324,0,21,0,0,0,0,21
800327,0,0,0,0,0,0,0
800328,0,0,0,0,0,0,0
800331,0,0,0,0,0,0,0
800332,0,0,0,0,0,0,0
920011,0,0,0,0,0,0,0
920102,0,0,0,0,0,0,0
920104,0,0,0,0,0,0,0
920106,0,3,0,0,0,0,3
920116,0,19,0,0,0,0,19
920118,0,63,0,0,0,0,63
920119,0,0,0,0,0,0,0
920200,0,1,0,0,0,0,1
480302,0,2,0,0,0,0,2
480303,0,0,0,0,0,0,0
480304,0,3,0,0,0,0,3
480400,0,4,0,0,0,0,4
480802,0,5,0,0,0,0,5
480803,0,0,0,0,0,0,0
480804,0,2,0,0,0,0,2
480901,0,0,0,0,0,0,0
480902,0,0,0,0,0,0,0
480903,0,4,0,0,0,0,4
481001,0,5,0,0,0,0,5
481002,0,1,0,16,0,16,17
481500,0,13,0,0,0,0,13
481603,0,0,0,0,0,0,0
481604,0,0,0,0,0,0,0
481605,0,2,0,0,0,0,2
481606,0,3,0,0,0,0,3
481800,0,0,0,0,0,0,0
481901,0,2,0,0,0,0,2
481902,0,2,0,0,0,0,2
603702,0,12,0,0,0,0,12
603704,0,10,0,0,0,0,10
460200,0,12,0,0,0,0,12
460301,0,23,0,0,0,0,23
460302,0,0,0,0,0,0,0
461000,2,4,0,0,0,0,4
461100,0,10,0,0,0,0,10
461200,0,0,0,0,0,0,0
461300,0,9,0,0,0,0,9
104124,0,31,0,0,0,0,31
930101,0,3,0,0,0,0,3
930200,0,0,0,138,0,138,138
930301,0,7,0,0,0,0,7
430400,0,0,0,0,0,0,0
430600,0,0,0,0,0,0,0
430701,0,2,0,0,0,0,2
430721,0,0,0,0,0,0,0
430723,0,2,0,0,0,0,2
430724,0,0,0,0,0,0,0
430801,0,4,0,0,0,0,4
430802,0,0,0,0,0,0,0
430803,0,4,0,0,0,0,4
431600,0,0,0,0,0,0,0
431700,0,0,0,0,0,0,0
119001,0,26,0,0,0,0,26
119002,0,0,0,0,0,0,0
119201,0,1,0,0,0,0,1
119202,0,16,0,10,0,10,26
119400,0,4,0,0,0,0,4
119700,0,32,0,0,0,0,32
119800,0,8,0,0,0,0,8
554801,0,1,0,0,0,0,1
554802,0,3,10,14,0,24,27
554900,0,4,0,0,0,0,4
187101,0,0,0,0,0,0,0
187102,0,2,0,0,0,0,2
188100,0,18,0,50,0,50,68
188300,0,10,0,0,0,0,10
599000,0,18,0,0,0,0,18
408301,0,61,0,0,0,0,61
408302,0,40,0,0,0,0,40
408303,0,6,0,0,0,0,6
400602,0,9,0,0,0,0,9
400603,0,8,0,0,0,0,8
400604,0,4,0,0,0,0,4
404201,0,6,0,0,0,0,6
404202,0,0,0,0,0,0,0
404301,0,5,0,0,0,0,5
404302,0,0,0,0,0,0,0
404401,0,7,0,0,0,0,7
404402,0,10,0,0,0,0,10
404501,0,5,0,0,0,0,5
404503,0,1,0,0,0,0,1
404504,0,0,0,0,0,0,0
234000,0,11,24,6,0,30,41
234200,0,34,0,0,0,0,34
234300,0,28,0,0,0,0,28
234501,0,21,0,0,0,0,21
234502,0,10,0,0,0,0,10
234600,0,24,0,0,0,0,24
234700,0,1,0,0,0,0,1
234800,0,5,0,0,0,0,5
234901,0,4,0,0,0,0,4
234902,0,7,0,0,0,0,7
235100,0,2,0,0,0,0,2
235201,1,1,0,8,0,8,9
235202,0,5,0,0,0,0,5
236000,0,15,0,0,0,0,15
236100,3,15,0,0,0,0,15
236202,0,37,0,0,0,0,37
236203,0,64,0,0,0,0,64
236204,0,8,13,40,0,53,61
236400,0,0,0,0,0,0,0
404701,0,14,0,0,0,0,14
404702,0,0,0,0,0,0,0
404703,0,15,0,0,0,0,15
404801,0,10,0,0,0,0,10
404802,0,2,0,0,0,0,2
404803,0,5,0,0,0,0,5
404901,0,2,0,0,0,0,2
404902,0,2,0,0,0,0,2
404903,0,11,0,0,0,0,11
405001,0,20,0,0,0,0,20
405002,0,2,0,0,0,0,2
405101,0,4,0,0,0,0,4
405102,0,11,0,0,0,0,11
405201,0,5,0,0,0,0,5
405202,0,0,0,0,0,0,0
405203,0,8,0,0,0,0,8
194200,0,2,0,0,0,0,2
194300,0,0,0,0,0,0,0
261101,0,0,0,0,0,0,0
261102,0,0,0,0,0,0,0
261200,0,0,0,0,0,0,0
262100,0,0,0,0,0,0,0
262200,0,0,0,0,0,0,0
533601,0,0,0,0,0,0,0
533602,0,0,0,0,0,0,0
533603,0,14,0,0,0,0,14
533803,0,2,0,0,0,0,2
533804,0,0,0,0,0,0,0
533805,0,3,0,0,0,0,3
533806,0,43,0,0,0,0,43
533901,0,6,0,0,0,0,6
533902,2,25,0,0,0,0,25
534001,0,17,0,0,0,0,17
534002,0,12,0,0,0,0,12
534101,0,26,0,0,0,0,26
534102,0,7,0,0,0,0,7
534201,0,4,0,0,0,0,4
534202,0,4,0,0,0,0,4
534203,0,3,0,0,0,0,3
553100,0,24,0,0,0,0,24
553200,0,12,0,0,0,0,12
553300,0,13,0,0,0,0,13
554001,0,7,0,0,0,0,7
554002,0,8,0,28,0,28,36
554101,0,9,0,0,0,0,9
554103,0,17,0,0,0,0,17
554104,0,6,0,0,0,0,6
554105,0,3,0,37,0,37,40
554201,0,8,0,0,0,0,8
554203,0,5,0,0,0,0,5
554204,0,26,0,0,0,0,26
554301,0,0,0,0,0,0,0
554302,0,0,0,0,0,0,0
554403,0,22,0,0,0,0,22
554404,0,7,0,0,0,0,7
554405,0,0,0,0,0,0,0
554406,0,9,0,0,0,0,9
700600,0,3,0,0,0,0,3
700700,0,4,0,0,0,0,4
700801,0,3,0,0,0,0,3
700802,0,0,0,0,0,0,0
700901,0,5,0,0,0,0,5
700902,0,0,0,0,0,0,0
701000,0,1,0,0,0,0,1
203100,0,11,0,0,0,0,11
203200,0,0,0,0,0,0,0
203500,9,18,0,0,0,0,18
203600,0,3,0,25,0,25,28
203710,0,0,0,0,0,0,0
203720,0,0,0,0,0,0,0
203800,0,4,0,0,0,0,4
203900,0,3,0,0,0,0,3
204110,0,9,0,0,0,0,9
204120,0,3,0,0,0,0,3
204200,0,6,0,0,0,0,6
204300,0,0,0,0,0,0,0
204410,0,14,0,0,0,0,14
204420,0,15,115,0,0,115,130
204600,0,42,0,0,0,0,42
204700,0,23,0,0,0,0,23
204810,0,21,0,0,0,0,21
204820,0,15,0,0,0,0,15
204910,0,10,0,0,0,0,10
204920,0,27,0,0,0,0,27
205110,0,3,0,0,0,0,3
205120,0,77,23,0,0,23,100
206032,1,37,83,23,0,106,143
206050,0,144,0,0,0,0,144
430200,0,0,0,0,0,0,0
262301,0,2,0,0,0,0,2
262302,0,0,0,0,0,0,0
262303,0,0,0,0,0,0,0
262400,0,0,0,0,0,0,0
264000,0,0,0,0,0,0,0
264102,0,4,0,0,0,0,4
264103,0,5,0,0,0,0,5
264301,0,16,0,0,0,0,16
264302,0,17,0,0,0,0,17
265410,0,0,0,0,0,0,0
310100,0,0,0,0,0,0,0
310201,0,0,0,0,0,0,0
310202,0,0,0,0,0,0,0
310300,0,0,0,0,0,0,0
310400,0,4,0,0,0,0,4
310501,0,3,0,0,0,0,3
310601,0,0,0,47,0,47,47
310602,0,0,0,0,0,0,0
310701,0,5,0,0,0,0,5
310702,0,32,0,0,0,0,32
310703,0,9,0,0,0,0,9
310800,0,8,0,0,0,0,8
310900,0,16,0,0,0,0,16
311000,0,3,0,0,0,0,3
311100,0,4,0,0,0,0,4
311200,0,3,0,0,0,0,3
311300,0,0,0,0,0,0,0
311400,0,4,0,0,0,0,4
311500,0,0,0,0,0,0,0
311600,0,5,0,0,0,0,5
311700,0,10,0,0,0,0,10
311801,0,1,0,0,0,0,1
311802,0,1,0,0,0,0,1
980001,0,12,0,0,0,0,12
800203,0,0,0,0,0,0,0
800204,0,0,0,0,0,0,0
800101,0,0,0,0,0,0,0
800202,0,0,0,0,0,0,0
113233,0,27,0,0,0,0,27
113234,0,6,0,15,0,15,21
134201,0,14,0,0,0,0,14
134303,0,13,0,0,0,0,13
134304,0,7,17,44,0,61,68
134305,0,11,0,0,0,0,11
134306,0,5,0,0,0,0,5
134520,0,21,0,0,0,0,21
134521,0,46,0,0,0,0,46
134522,0,13,0,0,0,0,13
910808,0,7,0,0,0,0,7
910810,0,3,0,0,0,0,3
920026,0,16,0,0,0,0,16
920033,0,16,0,0,0,0,16
541002,0,0,0,0,0,0,0
543100,0,11,0,0,0,0,11
543304,0,0,0,0,0,0,0
543305,0,67,156,0,0,156,223
543306,0,10,0,0,0,0,10
543321,0,1,0,0,0,0,1
543322,0,0,0,0,0,0,0
543400,0,33,0,0,0,0,33
543501,0,68,0,0,0,0,68
543601,0,1,0,0,0,0,1
543604,0,8,0,0,0,0,8
543701,0,0,0,0,0,0,0
543702,0,0,0,0,0,0,0
543703,0,2,0,0,0,0,2
543801,0,9,0,0,0,0,9
543802,1,13,0,0,0,0,13
543903,0,0,0,0,0,0,0
543905,0,0,0,0,0,0,0
980002,0,0,0,0,0,0,0
980025,0,1,0,0,0,0,1
228220,0,6,0,0,0,0,6
228710,0,20,0,0,0,0,20
228720,0,17,0,0,0,0,17
228800,5,34,0,0,0,0,34
228900,0,42,0,0,0,0,42
229100,0,13,0,0,0,0,13
554511,0,0,0,0,0,0,0
554512,0,1,0,0,0,0,1
554513,0,0,0,0,0,0,0
554514,0,0,0,0,0,0,0
554515,0,4,0,0,0,0,4
554516,0,0,0,0,0,0,0
554517,0,0,0,0,0,0,0
554518,0,0,0,0,0,0,0
554519,0,0,0,0,0,0,0
554521,0,16,0,0,0,0,16
554522,0,6,0,0,0,0,6
403801,0,4,0,0,0,0,4
403802,0,9,0,0,0,0,9
113101,0,1,0,0,0,0,1
113102,0,10,0,0,0,0,10
113211,0,14,0,0,0,0,14
113212,0,2,0,0,0,0,2
113213,0,20,0,0,0,0,20
113235,0,0,0,0,0,0,0
113237,0,24,74,0,0,74,98
113303,0,13,0,16,0,16,29
113321,0,22,0,0,0,0,22
113322,0,0,0,0,0,0,0
980023,0,25,0,0,0,0,25
197700,1,1,0,0,0,0,1
206010,0,26,0,17,0,17,43
206020,5,12,0,0,0,0,12
207101,0,11,0,0,0,0,11
207102,2,179,0,26,0,26,205
207103,0,5,0,0,0,0,5
404000,0,13,0,0,0,0,13
404100,0,5,0,0,0,0,5
400205,0,0,0,0,0,0,0
400206,0,0,0,0,0,0,0
401701,0,4,0,0,0,0,4
401800,0,1,9,0,0,9,10
401901,0,1,0,0,0,0,1
401902,0,0,12,0,0,12,12
402001,0,0,0,0,0,0,0
402002,0,0,0,0,0,0,0
532302,0,10,0,0,0,0,10
532303,0,46,0,0,0,0,46
532304,6,16,213,186,0,399,415
541200,0,15,0,0,0,0,15
541300,0,11,0,0,0,0,11
541603,0,27,0,0,0,0,27
541604,0,27,0,0,0,0,27
541605,5,30,0,0,0,0,30
541606,0,22,0,0,0,0,22
542000,0,22,0,0,0,0,22
542103,0,16,0,0,0,0,16
542104,0,8,0,0,0,0,8
542105,0,1,0,89,0,89,90
542106,0,5,0,0,0,0,5
542200,0,10,0,0,0,0,10
542401,0,6,0,0,0,0,6
542402,4,11,0,0,0,0,11
542501,0,18,0,0,0,0,18
542502,0,9,56,0,0,56,65
542601,0,31,0,0,0,0,31
542602,0,6,0,0,0,0,6
542700,0,20,0,0,0,0,20
542800,0,12,0,0,0,0,12
542900,0,2,0,0,0,0,2
543000,0,2,0,0,0,0,2
543201,0,10,0,0,0,0,10
543202,0,23,0,0,0,0,23
403500,0,0,0,0,0,0,0
403600,0,4,0,0,0,0,4
403702,0,0,0,0,0,0,0
403721,0,0,22,4,0,26,26
403722,0,0,0,0,0,0,0
405701,0,0,0,0,0,0,0
405702,0,0,0,7,0,7,7
405800,0,4,0,0,0,0,4
405900,0,4,0,0,0,0,4
406000,0,0,0,0,0,0,0
406101,0,2,0,0,0,0,2
406102,0,6,0,0,0,0,6
534301,0,34,56,0,0,56,90
534302,0,6,0,0,0,0,6
534403,0,6,0,0,0,0,6
534404,0,0,0,0,0,0,0
534405,0,9,0,0,0,0,9
534406,0,8,0,0,0,0,8
702400,0,5,0,0,0,0,5
702501,0,4,0,0,0,0,4
702502,0,8,0,0,0,0,8
702600,0,15,0,0,0,0,15
702700,0,1,0,0,0,0,1
702801,0,5,0,0,0,0,5
702802,0,29,0,0,0,0,29
702803,0,2,49,0,0,49,51
703001,0,4,0,0,0,0,4
185203,0,13,0,0,0,0,13
185204,0,0,0,0,0,0,0
185310,0,14,0,0,0,0,14
185320,0,24,0,0,0,0,24
602200,2,6,0,0,0,0,6
602301,0,1,0,0,0,0,1
275101,0,17,0,0,0,0,17
275102,0,8,0,0,0,0,8
275200,0,38,0,0,0,0,38
275302,0,15,0,0,0,0,15
275311,0,23,0,0,0,0,23
275400,0,19,0,0,0,0,19
275500,0,29,0,0,0,0,29
275602,0,0,0,0,0,0,0
275603,0,30,0,0,0,0,30
403304,0,0,0,0,0,0,0
403305,0,0,0,0,0,0,0
403316,0,0,0,0,0,0,0
403319,0,6,0,0,0,0,6
403320,0,0,0,0,0,0,0
403321,0,0,0,0,0,0,0
403322,0,0,0,0,0,0,0
403323,0,0,0,0,0,0,0
403324,0,0,0,0,0,0,0
403325,0,0,0,0,0,0,0
550400,0,89,0,0,0,0,89
550500,0,0,0,0,0,0,0
550601,0,2,0,0,0,0,2
550602,0,1,0,0,0,0,1
550700,0,0,0,0,0,0,0
550800,0,0,0,0,0,0,0
550901,0,0,0,0,0,0,0
550902,0,0,0,0,0,0,0
551000,0,0,0,0,0,0,0
551101,0,1,0,0,0,0,1
551102,0,3,0,0,0,0,3
551201,0,0,0,0,0,0,0
551202,0,2,0,0,0,0,2
551300,0,28,9,0,0,9,37
551401,0,0,0,0,0,0,0
551402,0,3,0,0,0,0,3
551501,0,0,0,0,0,0,0
551502,0,0,0,0,0,0,0
551600,0,0,0,0,0,0,0
551700,0,5,0,0,0,0,5
551800,0,60,0,0,0,0,60
553400,0,6,0,0,0,0,6
206031,0,59,0,0,0,0,59
207400,0,58,0,0,0,0,58
207501,0,5,0,0,0,0,5
207502,0,26,0,0,0,0,26
207710,0,90,33,0,0,33,123
207900,0,27,0,0,0,0,27
209200,0,145,0,0,0,0,145
224010,3,49,0,0,0,0,49
226001,0,66,0,0,0,0,66
226002,0,348,128,0,0,128,476
430002,0,5,0,0,0,0,5
430003,0,4,0,0,0,0,4
430101,0,14,37,0,0,37,51
430102,0,0,0,0,0,0,0
181000,0,37,0,0,0,0,37
181300,0,8,0,0,0,0,8
181400,0,13,0,0,0,0,13
181500,0,9,0,0,0,0,9
181600,0,23,0,0,0,0,23
183402,0,5,0,0,0,0,5
183702,0,2,0,0,0,0,2
185100,0,35,0,0,0,0,35
185202,0,1,0,0,0,0,1
186201,0,10,0,0,0,0,10
186202,0,0,0,0,0,0,0
186203,0,8,0,0,0,0,8
199300,0,7,0,0,0,0,7
199400,0,12,0,0,0,0,12
201302,0,4,0,0,0,0,4
503701,0,5,0,0,0,0,5
503702,0,18,0,0,0,0,18
530301,0,0,0,0,0,0,0
530302,0,0,0,0,0,0,0
530400,5,9,0,0,0,0,9
530500,0,5,0,0,0,0,5
530601,0,0,0,0,0,0,0
530602,0,4,0,0,0,0,4
530700,0,14,0,0,0,0,14
530801,0,22,0,0,0,0,22
530802,0,13,0,0,0,0,13
530901,0,2,0,0,0,0,2
530902,0,2,0,0,0,0,2
531000,3,7,0,0,0,0,7
531101,0,0,0,0,0,0,0
531102,0,14,0,0,0,0,14
531201,0,15,0,0,0,0,15
531202,0,7,0,0,0,0,7
531301,2,21,0,0,0,0,21
531302,0,0,0,0,0,0,0
531502,0,1,0,0,0,0,1
531503,2,7,0,0,0,0,7
531504,0,0,0,0,0,0,0
531602,0,4,0,0,0,0,4
531603,0,4,0,0,0,0,4
531604,0,27,0,0,0,0,27
531701,0,21,42,0,0,42,63
531702,0,20,0,0,0,0,20
531800,0,27,0,0,0,0,27
531901,0,0,0,0,0,0,0
531902,0,0,0,0,0,0,0
463101,0,12,0,0,0,0,12
480002,0,0,0,0,0,0,0
480011,0,2,0,0,0,0,2
480012,0,0,0,0,0,0,0
480102,0,0,12,0,0,12,12
481202,0,0,0,0,0,0,0
195600,0,16,0,42,0,42,58
195710,0,48,0,84,0,84,132
195720,0,26,0,0,0,0,26
197300,0,4,0,0,0,0,4
197410,0,6,0,0,0,0,6
197420,0,10,0,70,0,70,80
197500,0,42,0,31,0,31,73
197600,0,15,0,0,0,0,15
208000,0,10,0,0,0,0,10
208401,0,11,0,0,0,0,11
208402,0,42,0,0,0,0,42
208501,0,9,0,22,0,22,31
208502,0,16,0,0,0,0,16
980010,0,10,0,0,0,0,10
432300,0,2,0,0,0,0,2
432401,0,1,0,0,0,0,1
432402,0,1,0,0,0,0,1
432500,0,0,0,0,0,0,0
432601,0,0,0,0,0,0,0
432602,0,0,0,0,0,0,0
432700,0,6,0,17,0,17,23
432801,0,8,0,0,0,0,8
432802,0,10,0,0,0,0,10
433101,0,1,90,0,0,90,91
433102,0,0,0,0,0,0,0
433200,0,0,0,0,0,0,0
433302,0,6,0,0,0,0,6
433304,0,2,0,0,0,0,2
433305,0,4,0,0,0,0,4
433306,0,0,0,0,0,0,0
433307,0,0,0,0,0,0,0
433401,0,0,0,0,0,0,0
433402,0,2,0,0,0,0,2
433403,0,1,61,0,0,61,62
433901,0,10,0,41,0,41,51
433902,0,1,0,0,0,0,1
434001,0,2,0,0,0,0,2
434003,0,0,0,0,0,0,0
434004,0,3,0,0,0,0,3
620001,0,2,0,0,0,0,2
620002,0,0,0,0,0,0,0
620101,0,4,0,0,0,0,4
620102,0,0,0,0,0,0,0
980013,0,12,0,0,0,0,12
980030,0,2,0,0,0,0,2
199110,0,0,29,0,0,29,29
201110,0,0,0,0,0,0,0
201120,0,4,0,0,0,0,4
201200,0,6,0,0,0,0,6
201301,0,9,0,0,0,0,9
201401,0,0,0,0,0,0,0
201402,0,0,0,0,0,0,0
201501,0,0,0,0,0,0,0
201503,0,2,0,0,0,0,2
201504,0,0,0,0,0,0,0
201601,0,3,0,0,0,0,3
201602,0,5,0,0,0,0,5
201700,0,10,0,0,0,0,10
139001,0,0,0,0,0,0,0
139200,0,0,0,0,0,0,0
139502,0,0,0,0,0,0,0
139503,0,11,0,0,0,0,11
139504,0,0,0,0,0,0,0
139600,0,4,0,0,0,0,4
139701,0,0,0,0,0,0,0
139702,0,0,0,0,0,0,0
139703,0,0,0,0,0,0,0
141400,0,11,0,0,0,0,11
141500,0,3,0,0,0,0,3
532700,0,40,20,0,0,20,60
532800,0,59,0,0,0,0,59
532900,1,89,0,0,0,0,89
533001,0,86,0,0,0,0,86
533002,0,15,0,0,0,0,15
534900,3,29,0,0,0,0,29
535001,0,6,0,0,0,0,6
535002,0,14,0,0,0,0,14
535101,0,17,0,0,0,0,17
535102,0,23,0,0,0,0,23
535200,0,32,0,0,0,0,32
535300,0,47,0,20,0,20,67
535400,0,46,0,0,0,0,46
102107,0,0,0,0,0,0,0
103200,0,65,0,0,0,0,65
103300,0,0,0,0,0,0,0
104103,0,10,0,0,0,0,10
104204,0,1,0,0,0,0,1
980020,0,23,0,0,0,0,23
187200,0,5,0,0,0,0,5
197200,0,5,0,0,0,0,5
602600,0,13,0,5,0,5,18
602900,0,17,53,0,0,53,70
603001,0,7,0,0,0,0,7
603004,0,2,0,0,0,0,2
603005,0,2,0,0,0,0,2
603006,1,4,0,0,0,0,4
603101,0,11,0,0,0,0,11
603102,0,5,0,0,0,0,5
603200,0,2,0,0,0,0,2
603301,0,2,0,0,0,0,2
603302,0,19,0,0,0,0,19
603400,0,13,0,0,0,0,13
603500,0,9,0,0,0,0,9
603600,0,22,0,0,0,0,22
186100,0,1,0,0,0,0,1
186301,0,0,0,0,0,0,0
186302,0,15,0,0,0,0,15
186401,0,4,0,0,0,0,4
186403,0,8,0,0,0,0,8
186404,0,4,0,0,0,0,4
400402,0,24,205,0,0,205,229
400404,0,0,0,0,0,0,0
400501,0,0,0,0,0,0,0
400800,0,0,0,0,0,0,0
400900,0,4,0,0,0,0,4
401001,0,0,0,0,0,0,0
401002,0,7,0,0,0,0,7
401101,0,0,0,0,0,0,0
401102,0,29,0,0,0,0,29
401201,0,0,0,0,0,0,0
401202,0,0,0,0,0,0,0
401203,0,0,0,0,0,0,0
403901,0,0,0,0,0,0,0
403902,0,1,0,0,0,0,1
106603,0,18,0,0,0,0,18
106641,0,0,0,0,0,0,0
106642,0,0,0,0,0,0,0
106643,0,0,0,0,0,0,0
106645,0,0,0,0,0,0,0
106646,0,14,0,0,0,0,14
109200,0,0,0,0,0,0,0
109300,0,2,0,0,0,0,2
109700,0,0,0,0,0,0,0
111100,0,1,0,0,0,0,1
111201,0,1,0,0,0,0,1
111202,0,34,0,0,0,0,34
111301,0,34,0,0,0,0,34
111400,0,1,0,0,0,0,1
980022,0,0,0,0,0,0,0
240010,0,48,0,0,0,0,48
240020,0,22,0,0,0,0,22
240200,0,104,0,0,0,0,104
240500,0,11,0,22,0,22,33
240600,0,16,0,0,0,0,16
240700,0,23,0,0,0,0,23
240800,0,29,0,0,0,0,29
240900,0,0,0,0,0,0,0
241001,0,17,0,0,0,0,17
241002,0,36,0,0,0,0,36
241110,0,3,110,0,0,110,113
241120,0,18,0,0,0,0,18
241202,0,26,0,0,0,0,26
241400,0,11,0,0,0,0,11
408401,0,46,0,0,0,0,46
408402,0,51,0,0,0,0,51
408501,0,32,0,0,0,0,32
408503,0,23,0,0,0,0,23
408504,0,36,0,0,0,0,36
408505,0,19,0,0,0,0,19
408623,0,6,0,0,0,0,6
408624,0,0,0,0,0,0,0
408625,0,3,0,0,0,0,3
408628,0,0,0,0,0,0,0
408629,0,0,0,0,0,0,0
408630,0,4,0,0,0,0,4
408631,0,0,0,0,0,0,0
293301,0,4,0,0,0,0,4
293302,0,47,0,0,0,0,47
293304,0,12,0,0,0,0,12
293306,0,6,0,0,0,0,6
293307,0,12,0,0,0,0,12
294421,0,39,0,0,0,0,39
291110,0,0,0,0,0,0,0
291120,0,0,0,0,0,0,0
291130,1,2,0,0,0,0,2
291210,0,0,0,0,0,0,0
291220,0,5,0,0,0,0,5
291300,0,55,0,0,0,0,55
292000,0,57,0,0,0,0,57
293201,0,0,0,0,0,0,0
293202,0,13,0,0,0,0,13
555211,0,7,0,0,0,0,7
555212,0,5,0,0,0,0,5
602002,0,2,0,0,0,0,2
602103,0,3,0,0,0,0,3
602104,1,4,0,0,0,0,4
602105,0,4,0,0,0,0,4
602106,0,2,0,0,0,0,2
602302,0,18,0,0,0,0,18
602402,0,3,0,7,0,7,10
602403,0,2,0,0,0,0,2
602404,0,0,0,0,0,0,0
602504,0,16,0,0,0,0,16
602505,0,2,0,0,0,0,2
602506,0,1,0,0,0,0,1
602507,0,5,0,0,0,0,5
602508,0,9,0,0,0,0,9
602509,1,12,0,0,0,0,12
602700,0,9,0,0,0,0,9
603703,0,1,0,0,0,0,1
621001,0,0,0,0,0,0,0
621002,0,2,0,0,0,0,2
621004,0,0,6,0,0,6,6
621102,0,3,0,0,0,0,3
621104,0,9,0,0,0,0,9
183101,0,13,0,0,0,0,13
183103,0,14,0,0,0,0,14
183104,0,11,0,0,0,0,11
183220,0,0,0,0,0,0,0
183221,0,0,0,0,0,0,0
183222,0,11,0,0,0,0,11
183300,0,2,0,0,0,0,2
183401,0,14,0,0,0,0,14
183510,0,2,0,0,0,0,2
183520,0,3,0,0,0,0,3
183610,0,22,0,0,0,0,22
183620,0,3,0,0,0,0,3
183701,0,3,0,0,0,0,3
183810,0,3,0,0,0,0,3
183820,0,7,0,0,0,0,7
189300,0,0,0,0,0,0,0
189400,0,0,0,2,0,2,2
189500,0,0,0,0,0,0,0
189600,0,8,0,0,0,0,8
189701,0,9,0,0,0,0,9
190100,0,30,0,0,0,0,30
190301,0,19,0,10,0,10,29
190510,0,12,0,0,0,0,12
190520,0,4,0,0,0,0,4
190700,3,72,0,63,0,63,135
190801,0,56,0,0,0,0,56
190802,0,72,0,0,0,0,72
190901,3,13,110,22,0,132,145
190902,0,39,0,0,0,0,39
191000,47,120,47,45,0,92,212
191110,0,28,0,0,0,0,28
191120,0,24,0,0,0,0,24
191201,6,54,0,50,0,50,104
191203,0,5,0,0,0,0,5
191204,0,29,0,0,0,0,29
191301,0,25,0,3,0,3,28
191302,0,54,0,0,0,0,54
191410,0,21,0,0,0,0,21
191420,0,36,0,0,0,0,36
191500,0,25,0,0,0,0,25
191610,8,44,0,0,0,0,44
191620,0,38,0,0,0,0,38
191710,0,14,0,0,0,0,14
191720,0,5,0,0,0,0,5
191810,0,23,0,0,0,0,23
191820,0,28,0,0,0,0,28
191901,47,113,14,0,0,14,127
192700,3,227,64,0,0,64,291
143700,0,15,0,0,0,0,15
189702,0,5,0,0,0,0,5
189800,0,8,0,0,0,0,8
189902,0,6,0,0,0,0,6
189903,0,1,0,0,0,0,1
189904,0,9,0,0,0,0,9
189905,0,2,0,0,0,0,2
190201,0,50,0,0,0,0,50
190202,2,11,0,0,0,0,11
194101,0,1,0,0,0,0,1
194102,0,3,0,0,0,0,3
532500,0,5,0,0,0,0,5
532603,0,14,0,0,0,0,14
532604,0,4,0,0,0,0,4
532605,0,22,0,0,0,0,22
532606,0,0,0,0,0,0,0
533103,0,3,0,0,0,0,3
533104,0,1,0,0,0,0,1
533105,0,2,0,0,0,0,2
533106,0,0,0,0,0,0,0
533107,0,7,0,0,0,0,7
533201,0,0,0,0,0,0,0
533202,0,3,0,0,0,0,3
533203,0,11,0,0,0,0,11
533501,0,3,0,0,0,0,3
533502,0,4,0,0,0,0,4
533503,0,2,0,0,0,0,2
534501,2,2,0,0,0,0,2
534502,0,0,0,0,0,0,0
403303,0,0,0,0,0,0,0
403312,0,0,0,0,0,0,0
407002,0,11,0,0,0,0,11
407801,0,9,0,0,0,0,9
407802,0,4,0,0,0,0,4
408202,0,24,0,0,0,0,24
408211,0,24,0,0,0,0,24
600501,0,8,0,0,0,0,8
600502,0,7,0,0,0,0,7
600601,0,18,0,0,0,0,18
600602,0,9,0,0,0,0,9
600702,0,2,0,0,0,0,2
600703,0,0,0,0,0,0,0
600704,0,13,0,0,0,0,13
600801,0,0,0,0,0,0,0
600802,0,1,0,0,0,0,1
600902,0,1,0,0,0,0,1
600911,0,15,0,0,0,0,15
600912,0,8,0,0,0,0,8
601001,0,31,0,0,0,0,31
601002,0,18,0,0,0,0,18
601100,0,9,0,0,0,0,9
601202,0,2,0,0,0,0,2
601211,0,5,0,0,0,0,5
601212,0,2,0,0,0,0,2
601301,0,0,0,0,0,0,0
601302,0,5,61,0,0,61,66
601303,0,0,0,0,0,0,0
601401,0,15,0,226,0,226,241
601402,0,7,0,0,0,0,7
601801,0,8,0,0,0,0,8
601900,0,7,0,0,0,0,7
602003,0,10,0,0,0,0,10
602004,0,14,0,0,0,0,14
404600,0,1,0,0,0,0,1
460501,0,2,0,0,0,0,2
460502,0,0,0,0,0,0,0
460600,0,0,0,0,0,0,0
460700,0,0,0,0,0,0,0
300100,0,0,0,0,0,0,0
300200,0,0,0,0,0,0,0
300501,0,0,0,0,0,0,0
300502,0,3,0,0,0,0,3
500100,0,0,0,0,0,0,0
500201,0,10,0,0,0,0,10
503601,0,2,0,0,0,0,2
503602,0,6,0,0,0,0,6
503703,0,3,0,0,0,0,3
503801,0,2,0,0,0,0,2
503802,0,0,0,0,0,0,0
503901,0,0,0,0,0,0,0
503902,0,14,0,0,0,0,14
504001,0,2,0,0,0,0,2
504002,0,1,0,0,0,0,1
504101,0,3,0,0,0,0,3
407101,0,6,0,0,0,0,6
407102,0,2,0,0,0,0,2
407200,0,2,0,0,0,0,2
407601,0,17,0,0,0,0,17
407602,0,4,0,0,0,0,4
407701,0,11,0,0,0,0,11
407702,0,7,0,0,0,0,7
609900,0,44,0,0,0,0,44
400204,0,2,0,0,0,0,2
400207,0,0,0,0,0,0,0
400302,0,0,0,0,0,0,0
401500,0,0,0,0,0,0,0
401601,0,1,0,0,0,0,1
401602,0,2,0,0,0,0,2
401603,1,1,0,0,0,0,1
703002,0,0,0,0,0,0,0
127400,0,48,0,0,0,0,48
127603,0,4,0,0,0,0,4
127604,0,0,0,0,0,0,0
127605,0,10,0,0,0,0,10
127606,0,11,0,0,0,0,11
131100,0,0,0,0,0,0,0
131900,0,0,0,0,0,0,0
132001,0,0,0,0,0,0,0
132002,0,12,0,0,0,0,12
132101,0,12,0,0,0,0,12
132102,0,24,0,0,0,0,24
980008,0,16,0,0,0,0,16
980024,0,78,0,0,0,0,78
555001,0,0,0,0,0,0,0
555002,0,14,0,0,0,0,14
555102,0,0,0,0,0,0,0
555103,0,4,0,0,0,0,4
555104,0,10,0,0,0,0,10
570001,0,0,0,0,0,0,0
570002,0,0,0,0,0,0,0
570003,0,0,0,0,0,0,0
570701,0,4,0,0,0,0,4
570702,0,2,0,0,0,0,2
570800,0,2,0,0,0,0,2
570901,0,3,0,0,0,0,3
570902,0,5,0,0,0,0,5
571000,0,2,0,0,0,0,2
571101,0,0,0,0,0,0,0
571102,0,0,0,0,0,0,0
571300,0,0,0,0,0,0,0
571400,0,3,0,0,0,0,3
900501,0,56,0,0,0,0,56
900504,38,59,156,0,0,156,215
900505,0,4,0,0,0,0,4
900506,0,5,0,0,0,0,5
900507,0,0,0,0,0,0,0
900508,0,0,0,0,0,0,0
900602,0,25,0,0,0,0,25
900605,0,31,0,0,0,0,31
900606,0,12,0,0,0,0,12
900607,0,34,61,0,0,61,95
900608,0,6,0,0,0,0,6
900609,0,18,0,0,0,0,18
900701,2,22,0,17,0,17,39
900703,0,25,12,51,0,63,88
900704,8,21,0,5,0,5,26
900705,0,6,0,0,0,0,6
900803,0,32,0,0,0,0,32
900804,0,0,0,0,0,0,0
900805,0,68,0,0,0,0,68
900806,20,101,65,0,0,65,166
901003,0,0,0,0,0,0,0
901004,0,29,0,0,0,0,29
901007,0,5,0,0,0,0,5
901008,0,67,0,0,0,0,67
901009,4,39,0,0,0,0,39
901010,0,13,0,0,0,0,13
901011,0,10,0,0,0,0,10
901101,0,0,0,0,0,0,0
901102,0,0,0,0,0,0,0
901205,0,0,0,0,0,0,0
603801,0,1,0,0,0,0,1
603802,0,0,0,29,0,29,29
603900,0,3,0,0,0,0,3
604001,0,0,0,0,0,0,0
604002,0,6,0,0,0,0,6
604100,0,4,0,0,0,0,4
601501,0,18,0,0,0,0,18
601502,0,26,0,0,0,0,26
601600,0,16,0,0,0,0,16
601700,0,32,0,0,0,0,32
601802,0,47,0,0,0,0,47
199000,0,47,0,0,0,0,47
199120,1,2,0,0,0,0,2
199201,0,2,0,0,0,0,2
199202,0,0,0,0,0,0,0
199700,0,22,0,0,0,0,22
199800,0,10,0,0,0,0,10
199900,0,17,0,0,0,0,17
203300,0,12,0,0,0,0,12
670001,0,0,0,0,0,0,0
670002,0,1,0,0,0,0,1
670003,0,13,0,14,0,14,27
670100,0,5,0,0,0,0,5
188201,0,4,0,0,0,0,4
188202,0,1,0,0,0,0,1
189101,0,24,0,0,0,0,24
189102,0,0,0,0,0,0,0
189201,0,17,0,0,0,0,17
189202,0,5,0,0,0,0,5
190401,0,20,0,0,0,0,20
190402,0,7,0,0,0,0,7
195201,0,2,0,0,0,0,2
195202,0,4,0,0,0,0,4
195300,0,11,0,0,0,0,11
980009,0,46,0,0,0,0,46
540000,0,0,0,0,0,0,0
540101,0,7,0,0,0,0,7
540102,0,4,0,0,0,0,4
540201,0,15,0,0,0,0,15
540202,0,0,0,0,0,0,0
540203,0,10,0,0,0,0,10
540300,0,35,0,0,0,0,35
540400,0,7,0,0,0,0,7
540501,0,12,0,0,0,0,12
540502,0,0,0,0,0,0,0
541700,0,10,0,0,0,0,10
541801,0,7,0,0,0,0,7
541802,0,11,0,0,0,0,11
800406,0,4,0,0,0,0,4
800408,0,83,0,0,0,0,83
800410,0,10,0,0,0,0,10
800504,0,41,0,0,0,0,41
800506,0,23,0,0,0,0,23
800329,0,0,0,0,0,0,0
800330,0,0,0,0,0,0,0
620201,0,0,0,0,0,0,0
620301,0,2,0,0,0,0,2
620303,0,0,0,0,0,0,0
620305,0,1,0,0,0,0,1
620400,0,1,0,0,0,0,1
620800,0,0,0,0,0,0,0
620901,0,0,0,0,0,0,0
620904,0,0,0,0,0,0,0
271200,0,34,0,0,0,0,34
271300,0,7,0,0,0,0,7
271400,0,7,0,0,0,0,7
271500,0,10,0,7,0,7,17
271600,0,9,0,0,0,0,9
271701,0,5,0,0,0,0,5
271702,0,8,0,0,0,0,8
271801,0,14,0,0,0,0,14
271901,0,21,0,0,0,0,21
271902,0,36,0,0,0,0,36
272100,0,12,0,0,0,0,12
272201,0,12,0,2,0,2,14
272202,0,16,0,0,0,0,16
272301,0,2,0,0,0,0,2
272302,0,1,0,0,0,0,1
702901,0,35,0,0,0,0,35
431300,0,14,0,0,0,0,14
431400,0,4,0,0,0,0,4
533300,0,32,0,0,0,0,32
533401,0,15,0,0,0,0,15
533402,0,6,0,0,0,0,6
533403,0,9,0,0,0,0,9
533701,0,2,46,0,0,46,48
533702,0,2,0,0,0,0,2
533703,0,13,0,0,0,0,13
218210,0,6,0,0,0,0,6
218220,0,4,0,0,0,0,4
218300,0,12,0,0,0,0,12
218400,0,4,0,0,0,0,4
218500,0,11,0,0,0,0,11
218600,0,12,0,0,0,0,12
270300,0,31,0,0,0,0,31
192001,0,5,0,0,0,0,5
192002,0,12,0,0,0,0,12
194401,0,8,11,6,0,17,25
194402,0,13,0,0,0,0,13
194500,0,25,0,0,0,0,25
214000,0,3,0,0,0,0,3
214400,0,0,0,0,0,0,0
214501,0,18,0,0,0,0,18
214502,0,0,0,0,0,0,0
214503,0,7,0,0,0,0,7
214600,0,15,0,0,0,0,15
214700,0,13,0,0,0,0,13
214800,0,11,0,0,0,0,11
214901,0,2,0,0,0,0,2
214902,0,8,0,0,0,0,8
215101,0,5,0,0,0,0,5
215102,0,4,0,0,0,0,4
216200,0,6,0,0,0,0,6
216300,0,9,0,0,0,0,9
191902,0,16,0,0,0,0,16
192300,0,0,0,0,0,0,0
192410,0,0,0,0,0,0,0
192420,0,7,0,0,0,0,7
211000,0,7,0,0,0,0,7
211500,0,4,0,0,0,0,4
211701,0,4,0,0,0,0,4
211703,0,5,0,0,0,0,5
211704,0,5,0,0,0,0,5
212610,0,10,0,0,0,0,10
212620,0,2,0,0,0,0,2
212701,0,1,0,0,0,0,1
212702,0,2,0,0,0,0,2
212800,0,14,0,0,0,0,14
212900,0,8,0,0,0,0,8
213100,0,12,0,0,0,0,12
213202,0,10,0,0,0,0,10
214100,0,2,0,0,0,0,2
216100,0,0,0,0,0,0,0
216700,0,15,0,0,0,0,15
216800,0,3,0,0,0,0,3
216900,0,34,0,0,0,0,34
217100,0,13,0,0,0,0,13
217200,0,28,0,0,0,0,28
109100,0,19,0,0,0,0,19
109400,0,19,0,0,0,0,19
109500,0,0,0,0,0,0,0
109601,0,0,0,0,0,0,0
109603,0,13,0,0,0,0,13
109604,0,0,0,0,0,0,0
430301,0,2,0,0,0,0,2
430302,0,2,0,0,0,0,2
430901,0,10,0,0,0,0,10
430902,0,2,0,0,0,0,2
431001,1,14,0,0,0,0,14
431002,0,22,0,0,0,0,22
431100,0,4,0,0,0,0,4
431200,1,5,0,0,0,0,5
482522,0,0,0,0,0,0,0
530003,0,0,0,0,0,0,0
530004,0,2,0,0,0,0,2
530005,0,0,0,0,0,0,0
530006,0,6,0,0,0,0,6
530101,0,0,0,0,0,0,0
530102,0,0,0,0,0,0,0
530202,0,7,0,0,0,0,7
530203,0,2,0,0,0,0,2
530204,0,8,0,0,0,0,8
532001,0,3,0,0,0,0,3
532002,0,2,0,0,0,0,2
532101,0,3,0,0,0,0,3
532102,0,15,0,0,0,0,15
532200,0,4,0,0,0,0,4
481711,0,0,0,0,0,0,0
481712,0,0,0,0,0,0,0
481713,0,0,0,0,0,0,0
481714,0,3,0,0,0,0,3
482001,0,0,0,0,0,0,0
482002,0,0,0,0,0,0,0
482101,0,1,0,0,0,0,1
482102,0,0,0,0,0,0,0
482201,0,1,0,0,0,0,1
482202,0,0,0,0,0,0,0
482600,0,0,0,0,0,0,0
482701,0,2,0,0,0,0,2
482702,0,0,0,0,0,0,0
482800,0,0,0,0,0,0,0
431501,0,1,0,0,0,0,1
431502,0,0,0,0,0,0,0
109800,0,48,0,0,0,0,48
117101,0,16,0,0,0,0,16
117102,0,0,0,0,0,0,0
117201,0,0,0,0,0,0,0
117202,0,3,0,0,0,0,3
117301,0,30,0,0,0,0,30
117303,0,22,0,0,0,0,22
117404,0,25,0,16,0,16,41
117405,1,1,0,0,0,0,1
117407,0,0,0,0,0,0,0
117408,0,86,0,0,0,0,86
117510,0,37,0,0,0,0,37
117520,0,29,0,31,0,31,60
117530,10,11,0,0,0,0,11
127520,0,12,0,0,0,0,12
121020,0,9,0,0,0,0,9
121600,0,6,0,0,0,0,6
121801,0,8,0,0,0,0,8
121802,0,16,0,0,0,0,16
122000,0,17,0,0,0,0,17
122410,0,25,0,0,0,0,25
122420,0,1,0,0,0,0,1
123103,0,37,0,0,0,0,37
123104,0,3,0,0,0,0,3
123203,0,45,0,0,0,0,45
123204,0,3,0,0,0,0,3
123205,0,57,0,0,0,0,57
123206,0,23,0,0,0,0,23
123301,0,10,0,0,0,0,10
123303,0,0,0,0,0,0,0
123304,0,26,0,0,0,0,26
123410,0,12,0,0,0,0,12
123420,0,14,0,0,0,0,14
123700,0,6,0,0,0,0,6
123800,0,0,0,9,0,9,9
123901,0,78,0,0,0,0,78
123902,0,72,0,0,0,0,72
124102,0,9,0,0,0,0,9
124103,0,90,0,0,0,0,90
124104,0,9,0,0,0,0,9
124105,0,7,0,0,0,0,7
124201,0,17,0,0,0,0,17
124203,0,4,0,0,0,0,4
124204,0,7,0,0,0,0,7
124300,0,24,0,0,0,0,24
125310,0,28,0,0,0,0,28
125320,1,20,0,0,0,0,20
125401,0,21,0,0,0,0,21
125402,0,0,0,0,0,0,0
125501,0,9,0,0,0,0,9
125502,0,2,0,0,0,0,2
125600,0,0,0,0,0,0,0
143100,3,12,0,0,0,0,12
111204,0,2,0,0,0,0,2
111205,0,5,0,0,0,0,5
111206,0,19,0,0,0,0,19
111302,0,2,0,0,0,0,2
113301,0,15,0,0,0,0,15
113401,0,13,0,0,0,0,13
115101,0,5,0,0,0,0,5
115103,0,0,0,0,0,0,0
115104,0,0,0,0,0,0,0
115201,0,0,0,0,0,0,0
115202,0,31,83,0,0,83,114
115301,0,0,0,0,0,0,0
115302,0,11,0,0,0,0,11
115401,0,0,0,0,0,0,0
115403,0,18,0,0,0,0,18
115404,0,8,0,0,0,0,8
117302,0,0,0,0,0,0,0
131200,0,2,0,0,0,0,2
550000,0,2,0,38,0,38,40
550100,0,21,0,0,0,0,21
550201,0,0,0,0,0,0,0
550202,0,47,0,0,0,0,47
550300,0,4,0,0,0,0,4
551900,0,4,0,0,0,0,4
552001,0,7,0,0,0,0,7
552002,0,10,0,0,0,0,10
552100,0,24,0,0,0,0,24
552200,0,0,63,0,0,63,63
552301,0,3,0,0,0,0,3
552302,0,5,0,0,0,0,5
552400,0,9,0,0,0,0,9
552601,0,2,0,0,0,0,2
552602,0,0,0,0,0,0,0
552700,0,3,0,0,0,0,3
552800,0,0,0,0,0,0,0
552900,0,4,0,0,0,0,4
553000,0,0,0,0,0,0,0
554600,0,4,0,0,0,0,4
554700,0,6,0,0,0,0,6
262501,0,1,0,0,0,0,1
262601,0,2,0,0,0,0,2
262604,0,33,0,0,0,0,33
262704,0,67,0,0,0,0,67
262706,0,44,0,0,0,0,44
262802,0,43,0,0,0,0,43
980019,0,8,0,0,0,0,8
104105,0,0,0,5,0,5,5
104108,0,6,0,0,0,0,6
104201,0,10,0,0,0,0,10
104203,0,8,0,0,0,0,8
104310,0,5,0,0,0,0,5
104320,0,1,120,0,0,120,121
104401,0,6,0,0,0,0,6
104403,0,4,0,0,0,0,4
104404,0,7,0,0,0,0,7
104500,0,4,27,0,0,27,31
104610,0,6,0,0,0,0,6
104620,0,0,0,0,0,0,0
104701,0,46,0,0,0,0,46
104703,0,12,0,0,0,0,12
104704,0,13,0,0,0,0,13
104810,0,5,0,0,0,0,5
104821,0,38,0,0,0,0,38
104822,0,14,0,0,0,0,14
980021,1,80,0,0,0,0,80
901213,0,0,0,0,0,0,0
910101,0,0,0,0,0,0,0
910201,3,29,0,0,0,0,29
910202,0,18,0,0,0,0,18
910206,0,1,0,0,0,0,1
910207,0,6,0,0,0,0,6
910208,0,5,0,0,0,0,5
910209,0,6,0,0,0,0,6
910210,0,0,0,0,0,0,0
910301,0,1,0,0,0,0,1
910302,0,0,0,0,0,0,0
910401,0,5,0,0,0,0,5
910402,0,9,0,0,0,0,9
910403,0,26,0,0,0,0,26
910404,0,10,0,0,0,0,10
910501,0,11,0,0,0,0,11
910502,1,12,0,0,0,0,12
910504,1,2,0,0,0,0,2
910505,1,8,0,0,0,0,8
910601,0,5,0,0,0,0,5
910602,0,6,0,0,0,0,6
910603,0,2,0,0,0,0,2
910605,0,1,0,0,0,0,1
910606,0,0,0,0,0,0,0
910705,0,0,0,0,0,0,0
910706,0,5,0,0,0,0,5
910707,0,6,0,0,0,0,6
910709,0,2,0,0,0,0,2
910711,0,0,0,0,0,0,0
910712,0,4,0,0,0,0,4
910713,0,0,0,0,0,0,0
910714,0,6,0,0,0,0,6
910715,0,18,0,0,0,0,18
910716,0,29,0,0,0,0,29
980004,0,0,0,0,0,0,0
216401,0,7,0,0,0,0,7
216402,0,0,0,0,0,0,0
217001,0,10,0,0,0,0,10
217002,0,22,0,40,0,40,62
269100,0,4,0,0,0,0,4
269500,0,0,0,0,0,0,0
269601,0,5,0,0,0,0,5
269602,0,0,0,0,0,0,0
269700,0,2,0,0,0,0,2
269800,0,15,0,0,0,0,15
269903,0,19,0,0,0,0,19
269904,0,12,0,0,0,0,12
269905,0,22,0,0,0,0,22
269906,0,3,0,0,0,0,3
269907,0,25,0,0,0,0,25
270100,0,6,0,0,0,0,6
270200,0,2,6,0,0,6,8
271802,0,5,0,0,0,0,5
670324,0,4,0,0,0,0,4
670326,0,0,0,0,0,0,0
670328,0,0,0,0,0,0,0
119310,0,2,0,0,0,0,2
119320,0,0,0,0,0,0,0
119340,0,1,0,0,0,0,1
119341,0,15,0,0,0,0,15
119342,0,3,0,0,0,0,3
119900,0,17,0,0,0,0,17
120010,0,9,0,0,0,0,9
120020,0,13,63,0,0,63,76
120030,0,10,0,0,0,0,10
120103,0,1,0,0,0,0,1
120104,1,24,0,0,0,0,24
120105,0,2,0,0,0,0,2
120106,0,0,0,0,0,0,0
120107,0,2,0,0,0,0,2
120108,2,10,0,0,0,0,10
120300,0,9,0,0,0,0,9
120400,0,0,0,0,0,0,0
553502,0,0,0,0,0,0,0
553503,0,6,0,0,0,0,6
553504,0,0,0,0,0,0,0
553601,0,15,0,0,0,0,15
553602,0,0,0,0,0,0,0
553701,0,7,0,0,0,0,7
553702,0,6,0,0,0,0,6
553801,0,12,0,0,0,0,12
553802,0,0,0,0,0,0,0
553901,0,1,0,0,0,0,1
553902,0,3,0,0,0,0,3
500402,0,5,0,0,0,0,5
500403,0,7,0,0,0,0,7
500404,0,4,0,0,0,0,4
500500,0,3,0,0,0,0,3
500600,0,14,0,0,0,0,14
500700,0,8,0,0,0,0,8
500800,0,5,0,0,0,0,5
500900,0,9,0,0,0,0,9
502401,0,12,0,0,0,0,12
502402,0,7,0,0,0,0,7
502500,0,16,0,0,0,0,16
502601,0,6,0,0,0,0,6
502602,0,9,0,0,0,0,9
209810,0,9,0,0,0,0,9
209820,0,25,0,0,0,0,25
210010,0,40,0,0,0,0,40
213310,0,5,0,0,0,0,5
213320,0,22,0,7,0,7,29
213402,0,13,0,0,0,0,13
221110,0,5,0,0,0,0,5
221120,0,6,0,0,0,0,6
221220,0,11,0,0,0,0,11
221602,0,6,0,0,0,0,6
224200,0,50,0,0,0,0,50
224310,0,6,0,0,0,0,6
224320,0,8,0,0,0,0,8
401703,0,9,0,0,0,0,9
401704,0,6,0,0,0,0,6
402101,0,0,0,130,0,130,130
402102,0,19,0,0,0,0,19
402200,0,4,12,0,0,12,16
402301,0,12,0,0,0,0,12
402303,0,5,0,0,0,0,5
402304,0,3,0,0,0,0,3
402402,0,20,45,0,0,45,65
402403,0,0,0,0,0,0,0
402404,0,0,0,0,0,0,0
402405,0,0,0,0,0,0,0
402406,0,4,0,0,0,0,4
402501,0,41,0,0,0,0,41
402502,0,11,0,0,0,0,11
402600,0,7,0,0,0,0,7
402702,0,10,0,0,0,0,10
402703,0,1,0,0,0,0,1
402705,0,0,0,0,0,0,0
402706,0,1,0,0,0,0,1
402801,0,32,0,0,0,0,32
402803,0,15,0,0,0,0,15
402804,0,3,0,0,0,0,3
402902,0,6,0,5,0,5,11
402903,0,0,0,0,0,0,0
402904,0,0,0,0,0,0,0
403000,0,9,0,0,0,0,9
403200,0,0,0,0,0,0,0
403317,0,0,0,0,0,0,0
403318,0,0,0,0,0,0,0
408800,0,148,131,0,0,131,279
108101,0,0,0,0,0,0,0
108102,0,8,0,0,0,0,8
108103,0,0,0,0,0,0,0
108104,0,0,0,0,0,0,0
108201,0,0,0,0,0,0,0
108202,0,0,0,0,0,0,0
195802,0,90,0,0,0,0,90
208610,0,25,0,60,0,60,85
208620,0,19,0,8,0,8,27
208710,0,10,0,0,0,0,10
211120,0,23,0,0,0,0,23
211121,0,5,0,0,0,0,5
211122,0,35,0,0,0,0,35
670405,0,0,0,0,0,0,0
670407,0,0,0,0,0,0,0
670411,0,0,0,0,0,0,0
670413,0,0,0,0,0,0,0
670416,0,0,0,0,0,0,0
670602,0,0,0,0,0,0,0
670701,0,1,0,0,0,0,1
670702,0,0,0,0,0,0,0
620501,0,105,0,0,0,0,105
620521,0,1,0,0,0,0,1
620522,0,0,0,0,0,0,0
620601,0,18,0,0,0,0,18
620602,0,2,0,0,0,0,2
620701,0,6,0,0,0,0,6
620702,0,0,0,0,0,0,0
621201,0,4,0,0,0,0,4
621204,0,50,0,0,0,0,50
621301,0,0,0,0,0,0,0
621324,0,3,0,0,0,0,3
621326,0,17,0,0,0,0,17
621400,0,10,0,0,0,0,10
131010,0,20,0,0,0,0,20
131020,0,17,0,0,0,0,17
131300,0,11,0,0,0,0,11
131400,0,19,0,41,0,41,60
131600,0,6,0,0,0,0,6
131701,0,8,0,0,0,0,8
131702,0,0,0,0,0,0,0
131800,2,22,0,0,0,0,22
132300,0,28,0,0,0,0,28
132501,0,0,0,0,0,0,0
132502,0,9,0,0,0,0,9
132700,0,5,0,0,0,0,5
133000,0,8,0,0,0,0,8
670500,0,0,0,0,0,0,0
670201,0,0,0,0,0,0,0
670202,0,0,0,0,0,0,0
670403,0,0,0,0,0,0,0
670406,0,0,0,0,0,0,0
432201,0,0,0,0,0,0,0
432202,0,0,0,0,0,0,0
432901,0,2,0,0,0,0,2
432902,0,0,0,0,0,0,0
433601,0,0,0,0,0,0,0
433602,0,2,0,0,0,0,2
481300,0,1,0,0,0,0,1
482303,0,6,0,0,0,0,6
482304,0,1,0,0,0,0,1
482401,0,1,0,0,0,0,1
482402,0,8,0,0,0,0,8
482502,0,0,0,0,0,0,0
482503,0,3,0,0,0,0,3
408212,0,12,0,0,0,0,12
408626,0,0,0,0,0,0,0
408627,0,6,0,0,0,0,6
408703,0,0,0,0,0,0,0
408704,0,0,0,0,0,0,0
408705,0,8,8,0,0,8,16
408706,0,8,0,0,0,0,8
408722,0,0,0,0,0,0,0
408723,0,2,0,0,0,0,2
408724,0,22,0,0,0,0,22
400304,0,1,0,26,0,26,27
400403,0,0,0,0,0,0,0
401303,0,0,0,0,0,0,0
401304,0,0,0,0,0,0,0
401311,0,5,0,0,0,0,5
401312,0,0,0,0,0,0,0
403703,0,2,0,0,0,0,2
320100,0,9,0,0,0,0,9
320201,0,5,0,0,0,0,5
320202,0,3,0,0,0,0,3
320300,0,7,0,0,0,0,7
480201,0,0,0,0,0,0,0
480202,0,0,0,0,0,0,0
481101,0,0,0,0,0,0,0
481102,0,0,0,0,0,0,0
481103,0,1,0,0,0,0,1
481401,0,0,0,0,0,0,0
481402,0,3,0,0,0,0,3
482301,0,5,0,0,0,0,5
464100,0,1,0,0,0,0,1
464200,0,0,0,0,0,0,0
463300,0,0,0,0,0,0,0
295103,0,6,0,0,0,0,6
296210,0,29,0,0,0,0,29
296220,0,35,12,29,0,41,76
296300,0,20,0,0,0,0,20
296401,0,0,0,0,0,0,0
296402,0,6,0,0,0,0,6
296500,1,36,0,0,0,0,36
296600,0,16,7,0,0,7,23
296901,0,0,0,0,0,0,0
296902,0,7,49,0,0,49,56
297000,0,9,0,0,0,0,9
297110,2,61,0,0,0,0,61
297120,0,45,0,0,0,0,45
297201,0,27,0,0,0,0,27
297202,0,4,0,0,0,0,4
297300,0,7,0,0,0,0,7
297400,0,7,0,0,0,0,7
297500,0,4,0,0,0,0,4
297601,0,5,0,0,0,0,5
297602,0,0,0,0,0,0,0
980015,0,21,0,0,0,0,21
910807,0,0,0,0,0,0,0
910809,0,2,0,0,0,0,2
920013,0,5,0,0,0,0,5
920015,0,0,0,0,0,0,0
920016,0,4,0,0,0,0,4
920017,0,0,0,0,0,0,0
920018,0,11,0,0,0,0,11
920020,0,0,0,0,0,0,0
920023,0,4,0,0,0,0,4
920028,0,0,0,0,0,0,0
920029,0,0,0,0,0,0,0
920030,0,0,0,0,0,0,0
920031,0,29,0,0,0,0,29
920032,0,0,0,0,0,0,0
920034,0,0,0,0,0,0,0
920035,0,5,0,7,0,7,12
920036,0,5,20,0,0,20,25
920037,0,2,0,0,0,0,2
920038,0,3,0,0,0,0,3
920039,0,0,0,0,0,0,0
920040,0,2,0,0,0,0,2
920041,0,12,0,0,0,0,12
920042,0,9,0,0,0,0,9
920043,0,0,0,0,0,0,0
920044,0,6,0,0,0,0,6
920045,0,0,0,0,0,0,0
920107,0,11,0,0,0,0,11
920108,0,1,0,0,0,0,1
920109,0,1,0,0,0,0,1
920110,0,0,0,0,0,0,0
920111,0,3,0,0,0,0,3
920112,0,0,0,0,0,0,0
920114,0,0,0,0,0,0,0
920115,0,0,0,8,0,8,8
920312,1,1,0,0,0,0,1
920313,0,0,0,0,0,0,0
920314,0,7,55,0,0,55,62
920322,0,0,0,0,0,0,0
920328,0,0,0,0,0,0,0
920329,0,39,0,0,0,0,39
920330,0,48,0,0,0,0,48
920331,0,0,0,0,0,0,0
920332,0,2,0,0,0,0,2
920334,0,0,0,0,0,0,0
920336,0,2,9,0,0,9,11
920337,0,3,0,0,0,0,3
502700,2,33,0,43,0,43,76
502801,0,0,0,0,0,0,0
502802,0,1,0,0,0,0,1
502902,0,19,0,0,0,0,19
504102,0,15,0,0,0,0,15
701201,0,0,0,0,0,0,0
701202,0,8,0,0,0,0,8
701302,0,4,0,0,0,0,4
701304,0,10,0,0,0,0,10
701402,0,28,0,0,0,0,28
701501,0,19,0,65,0,65,84
701502,8,24,0,0,0,0,24
701601,0,6,0,0,0,0,6
701602,0,21,0,0,0,0,21
701701,0,16,0,0,0,0,16
701702,8,23,0,47,0,47,70
701801,0,22,16,0,15,31,53
701802,1,45,60,11,0,71,116
701902,12,193,0,0,0,0,193
702002,0,22,0,0,0,0,22
702102,3,29,0,0,0,0,29
702201,0,9,0,7,0,7,16
702202,0,5,0,0,0,0,5
702300,0,7,0,0,0,0,7
920303,0,0,0,0,0,0,0
267300,0,21,0,0,0,0,21
267402,0,10,0,0,0,0,10
267403,0,4,120,0,0,120,124
267404,0,0,0,0,0,0,0
267501,0,2,0,0,0,0,2
267502,0,24,0,0,0,0,24
267600,0,30,0,0,0,0,30
267700,0,17,0,0,0,0,17
124500,0,0,0,0,0,0,0
124600,0,2,0,31,0,31,33
124700,0,3,0,0,0,0,3
128500,0,11,0,0,0,0,11
128602,0,2,0,0,0,0,2
128702,0,8,0,0,0,0,8
128801,0,16,0,0,0,0,16
128802,0,1,0,0,0,0,1
128910,0,7,0,0,0,0,7
141101,0,2,0,0,0,0,2
141102,0,3,0,0,0,0,3
141201,0,15,0,0,0,0,15
141202,0,0,0,0,0,0,0
141302,0,8,0,0,0,0,8
141303,0,0,0,0,0,0,0
141304,0,9,0,0,0,0,9
141600,0,1,0,0,0,0,1
141700,0,0,0,0,0,0,0
430501,0,5,0,0,0,0,5
430502,0,0,0,0,0,0,0
573401,0,15,0,0,0,0,15
573402,0,18,0,0,0,0,18
573403,0,2,0,0,0,0,2
187300,0,32,0,0,0,0,32
195100,0,5,0,0,0,0,5
195400,0,8,0,0,0,0,8
195500,0,52,0,0,0,0,52
195803,0,14,0,0,0,0,14
195804,0,21,0,0,0,0,21
195901,0,0,0,0,0,0,0
195902,0,10,0,0,0,0,10
195903,0,18,0,0,0,0,18
206200,4,552,68,65,0,133,685
206300,6,1032,659,970,0,1629,2661
207301,4,100,152,0,0,152,252
207302,0,93,0,0,0,0,93
224020,0,43,0,0,0,0,43
224600,1,63,74,44,0,118,181
226410,0,20,0,0,0,0,20
226420,0,37,0,0,0,0,37
226700,0,169,0,0,0,0,169
227010,0,33,0,0,0,0,33
227020,0,7,0,0,0,0,7
228100,0,34,0,0,0,0,34
228210,0,12,0,0,0,0,12
228310,0,7,0,0,0,0,7
228410,0,35,0,0,0,0,35
231100,0,183,136,0,0,136,319
433501,0,13,0,0,0,0,13
433503,0,0,0,0,0,0,0
433504,0,2,0,0,0,0,2
433700,0,12,0,0,0,0,12
433801,0,6,0,0,0,0,6
534700,0,1,0,0,0,0,1
534802,0,3,0,0,0,0,3
534803,0,6,0,0,0,0,6
534804,0,11,0,0,0,0,11
535501,2,17,0,0,0,0,17
535502,0,14,0,0,0,0,14
535503,0,10,0,0,0,0,10
535603,0,4,0,0,0,0,4
535604,0,0,0,0,0,0,0
535605,0,2,0,0,0,0,2
535606,0,0,0,0,0,0,0
535607,0,2,0,0,0,0,2
535701,0,18,0,0,0,0,18
535702,0,5,0,0,0,0,5
535802,0,3,0,0,0,0,3
535803,0,1,0,0,0,0,1
535804,0,5,0,0,0,0,5
535901,0,9,0,0,0,0,9
535902,0,0,0,0,0,0,0
536000,0,2,0,0,0,0,2
536102,0,2,0,0,0,0,2
536103,0,8,0,0,0,0,8
536104,0,4,0,0,0,0,4
536200,0,4,0,0,0,0,4
228320,0,90,0,0,0,0,90
228420,0,128,0,0,0,0,128
228500,0,17,0,0,0,0,17
228600,0,6,0,0,0,0,6
229200,0,47,0,0,0,0,47
229300,0,66,0,0,0,0,66
229410,0,26,0,0,0,0,26
229420,0,13,0,0,0,0,13
239201,0,65,0,0,0,0,65
239202,0,40,0,0,0,0,40
239310,0,30,0,0,0,0,30
239320,0,3,0,0,0,0,3
239330,0,29,0,0,0,0,29
239501,0,35,0,0,0,0,35
239502,0,11,0,0,0,0,11
239601,0,40,38,0,0,38,78
239602,0,31,0,0,0,0,31
239701,0,4,24,0,0,24,28
239702,0,20,0,0,0,0,20
239801,0,19,0,0,0,0,19
239802,0,57,0,0,0,0,57
480500,0,0,0,0,0,0,0
480600,0,5,0,0,0,0,5
480702,0,0,0,0,0,0,0
480703,0,0,0,0,0,0,0
480704,0,4,0,0,0,0,4
482521,0,6,0,0,0,0,6
408138,0,0,0,0,0,0,0
408139,0,0,0,0,0,0,0
408140,0,0,0,0,0,0,0
408141,0,0,0,0,0,0,0
237500,0,17,0,0,0,0,17
237600,0,0,0,0,0,0,0
237710,4,43,0,0,0,0,43
237720,0,6,0,0,0,0,6
237800,0,14,0,0,0,0,14
237900,0,4,0,0,0,0,4
238000,0,22,0,0,0,0,22
238100,0,19,0,0,0,0,19
238200,0,20,0,0,0,0,20
238310,0,7,0,0,0,0,7
238320,0,4,191,0,0,191,195
238400,2,12,0,0,0,0,12
240300,0,26,0,17,0,17,43
240401,0,34,0,0,0,0,34
240402,0,13,0,0,0,0,13
241201,0,2,0,0,0,0,2
241300,0,18,0,0,0,0,18
502005,0,12,0,0,0,0,12
502901,0,0,0,0,0,0,0
503000,0,48,0,0,0,0,48
503103,0,21,0,0,0,0,21
503104,0,19,0,0,0,0,19
503105,0,15,0,26,0,26,41
503106,1,3,0,0,0,0,3
503201,0,0,0,0,0,0,0
503202,0,0,0,0,0,0,0
503302,0,7,0,71,0,71,78
503501,0,0,0,0,0,0,0
503502,0,8,0,0,0,0,8
920326,0,0,0,0,0,0,0
920338,0,0,0,0,0,0,0
920339,0,9,0,0,0,0,9
143200,0,6,0,0,0,0,6
143300,0,9,0,0,0,0,9
143400,0,2,0,0,0,0,2
143500,0,10,0,0,0,0,10
143602,0,2,0,0,0,0,2
143603,0,2,0,0,0,0,2
143604,0,38,0,0,0,0,38
143800,0,5,0,0,0,0,5
143901,0,6,0,0,0,0,6
143902,0,35,0,0,0,0,35
102103,0,20,0,0,0,0,20
102104,0,28,0,0,0,0,28
102105,0,10,0,0,0,0,10
121010,0,27,0,0,0,0,27
121101,0,11,0,0,0,0,11
121102,0,40,0,0,0,0,40
121210,6,27,0,0,0,0,27
121221,0,18,0,0,0,0,18
121222,0,50,0,0,0,0,50
121900,0,17,167,254,0,421,438
122120,0,3,0,0,0,0,3
122121,0,5,0,0,0,0,5
122122,0,119,0,50,0,50,169
122200,0,21,0,0,0,0,21
123010,0,38,0,0,0,0,38
123020,0,0,0,0,0,0,0
101110,0,6,0,0,0,0,6
101122,0,6,0,0,0,0,6
101210,0,19,0,0,0,0,19
101220,0,39,0,0,0,0,39
101300,0,33,0,0,0,0,33
101400,0,17,0,0,0,0,17
103101,0,23,0,0,0,0,23
103102,0,2,0,0,0,0,2
103400,0,17,0,0,0,0,17
980026,0,13,0,0,0,0,13
106010,0,8,0,0,0,0,8
106020,0,0,0,0,0,0,0
106111,0,0,0,0,0,0,0
106112,0,8,0,0,0,0,8
106113,0,25,0,0,0,0,25
106114,0,3,0,0,0,0,3
106403,0,11,0,0,0,0,11
106405,0,4,0,0,0,0,4
106406,0,4,0,0,0,0,4
106407,0,36,0,16,0,16,52
106408,0,10,0,0,0,0,10
106510,0,21,0,0,0,0,21
106520,0,11,0,0,0,0,11
106604,0,13,0,0,0,0,13
106648,0,0,0,0,0,0,0
106649,0,6,0,0,0,0,6
107010,0,33,0,0,0,0,33
107020,0,28,0,0,0,0,28
132900,0,3,0,0,0,0,3
133100,0,20,0,0,0,0,20
134901,0,3,0,0,0,0,3
139301,0,10,0,0,0,0,10
139302,0,5,0,0,0,0,5
139303,0,6,0,0,0,0,6
139401,0,15,0,0,0,0,15
139402,0,26,0,0,0,0,26
139801,0,0,0,0,0,0,0
139802,0,0,0,0,0,0,0
431800,0,0,0,0,0,0,0
431900,0,11,0,0,0,0,11
432000,0,2,0,0,0,0,2
432101,0,0,0,0,0,0,0
432102,0,3,0,0,0,0,3
480101,0,1,0,0,0,0,1
481201,0,2,0,0,0,0,2
800102,0,0,0,0,0,0,0
650001,0,0,0,0,0,0,0
650003,0,3,0,0,0,0,3
650004,0,0,0,0,0,0,0
650101,0,4,0,0,0,0,4
650102,0,2,0,0,0,0,2
650200,0,7,0,0,0,0,7
650300,0,18,0,0,0,0,18
650401,0,1,0,0,0,0,1
650501,0,6,0,0,0,0,6
650502,0,4,0,0,0,0,4
650602,0,11,0,0,0,0,11
650603,0,9,0,0,0,0,9
650604,0,2,0,0,0,0,2
650605,0,0,0,0,0,0,0
650701,0,4,0,0,0,0,4
650702,0,0,0,0,0,0,0
650800,0,1,0,0,0,0,1
650901,0,2,0,0,0,0,2
650902,0,0,0,0,0,0,0
651001,0,0,0,0,0,0,0
651002,0,6,0,0,0,0,6
651101,0,2,0,0,0,0,2
651102,0,0,0,0,0,0,0
651201,0,8,0,0,0,0,8
651221,0,0,0,0,0,0,0
651222,0,2,0,0,0,0,2
651302,0,5,0,0,0,0,5
651304,0,3,0,0,0,0,3
651401,0,0,0,0,0,0,0
651402,0,0,0,0,0,0,0
980005,0,7,0,0,0,0,7
701100,0,39,45,300,0,345,384
900102,4,206,0,0,0,0,206
900103,0,232,0,0,0,0,232
900104,0,184,0,0,0,0,184
900201,1,11,0,0,0,0,11
900300,0,9,0,0,0,0,9
900900,0,13,0,0,0,0,13
901209,0,32,0,0,0,0,32
901210,0,0,0,0,0,0,0
910001,0,373,0,0,0,0,373
910002,0,152,0,0,0,0,152
910205,0,4,0,0,0,0,4
910804,0,21,0,0,0,0,21
910805,0,0,0,0,0,0,0
910811,0,10,0,0,0,0,10
910812,0,13,0,0,0,0,13
910813,0,0,0,0,0,0,0
911001,0,216,0,0,0,0,216
920012,0,3,0,0,0,0,3
980003,0,4,0,0,0,0,4
599100,0,19,0,0,0,0,19
320000,0,3,0,0,0,0,3
224410,0,40,0,0,0,0,40
224420,0,8,0,0,0,0,8
224700,0,9,0,0,0,0,9
407501,0,3,0,0,0,0,3
407502,0,0,0,0,0,0,0
407900,0,1,0,0,0,0,1
124000,0,2,0,0,0,0,2
124400,0,0,0,0,0,0,0
124902,0,4,0,0,0,0,4
124903,0,22,0,0,0,0,22
125100,0,0,0,0,0,0,0
125200,1,35,0,0,0,0,35
123510,0,5,0,0,0,0,5
123520,0,2,0,0,0,0,2
123601,0,16,0,0,0,0,16
123602,0,4,0,0,0,0,4
127102,0,51,0,0,0,0,51
127103,0,5,0,0,0,0,5
127104,0,0,0,0,0,0,0
127210,3,22,0,0,0,0,22
127220,0,15,0,0,0,0,15
127300,0,28,0,0,0,0,28
127711,0,9,0,0,0,0,9
127712,0,1,0,0,0,0,1
127803,0,4,0,0,0,0,4
127804,1,4,0,0,0,0,4
127805,0,11,0,0,0,0,11
127806,0,5,0,0,0,0,5
127910,0,49,0,0,0,0,49
127920,0,26,0,0,0,0,26
128101,0,0,0,0,0,0,0
128102,0,5,0,4,0,4,9
128210,0,31,0,39,0,39,70
128220,0,12,0,0,0,0,12
128302,0,20,0,0,0,0,20
128303,0,30,15,0,0,15,45
128400,0,39,0,0,0,0,39
128601,0,22,0,0,0,0,22
273100,0,68,0,0,0,0,68
273200,0,77,0,18,0,18,95
273300,0,128,0,0,0,0,128
273402,0,178,0,0,0,0,178
273502,29,116,0,0,0,0,116
273600,0,32,0,0,0,0,32
273700,0,20,0,0,0,0,20
273800,0,27,0,0,0,0,27
273902,0,50,0,0,0,0,50
274100,0,123,0,0,0,0,123
274202,1,52,0,0,0,0,52
231500,0,18,0,0,0,0,18
231600,0,22,0,22,0,22,44
231710,0,23,0,0,0,0,23
231720,0,136,0,0,0,0,136
231800,0,333,0,0,0,0,333
231900,14,61,0,0,0,0,61
232110,0,19,0,0,0,0,19
232120,1,50,0,0,0,0,50
232200,0,10,0,0,0,0,10
232300,0,15,0,31,0,31,46
232400,0,39,103,0,0,103,142
232500,0,11,17,41,0,58,69
232600,0,17,0,0,0,0,17
232700,0,138,331,30,0,361,499
232800,3,49,0,0,0,0,49
237101,0,11,0,0,0,0,11
237102,0,8,0,0,0,0,8
237201,0,18,0,0,0,0,18
237202,0,78,0,0,0,0,78
237300,0,1,89,0,0,89,90
237401,0,12,0,0,0,0,12
237402,0,6,0,0,0,0,6
532400,0,55,0,0,0,0,55
703100,0,7,0,0,0,0,7
703200,0,13,0,0,0,0,13
405400,0,0,0,0,0,0,0
403401,0,2,0,0,0,0,2
403402,0,1,0,0,0,0,1
403403,0,0,0,0,0,0,0
403404,0,0,0,0,0,0,0
403405,0,0,0,0,0,0,0
403406,0,0,0,0,0,0,0
403407,0,0,0,0,0,0,0
403408,0,0,0,0,0,0,0
242000,2,12,94,0,0,94,106
242100,0,17,0,0,0,0,17
242200,1,13,0,0,0,0,13
242300,0,16,0,0,0,0,16
242600,0,46,0,0,0,0,46
242700,1,44,0,0,0,0,44
243000,0,27,0,0,0,0,27
243100,1,33,0,0,0,0,33
218110,0,6,0,6,0,6,12
218120,0,9,0,28,0,28,37
218701,0,4,0,0,0,0,4
218702,0,10,0,0,0,0,10
218800,0,3,0,0,0,0,3
218900,0,2,0,0,0,0,2
219010,0,17,0,0,0,0,17
219020,0,9,0,0,0,0,9
219300,1,15,0,0,0,0,15
221210,0,1,0,0,0,0,1
221302,0,41,0,0,0,0,41
221303,0,38,0,0,0,0,38
221304,0,1,0,41,0,41,42
221401,0,5,0,0,0,0,5
221402,0,17,8,39,0,47,64
543502,0,10,0,0,0,0,10
543503,0,20,0,0,0,0,20
543602,0,22,0,0,0,0,22
543603,0,80,0,6,0,6,86
541001,0,74,0,0,0,0,74
541100,0,45,0,0,0,0,45
405301,0,0,0,0,0,0,0
405302,0,0,0,0,0,0,0
405500,0,0,0,0,0,0,0
405600,0,0,0,0,0,0,0
406200,0,5,0,0,0,0,5
406300,0,0,0,0,0,0,0
406402,0,0,0,0,0,0,0
406411,0,0,0,0,0,0,0
406412,0,0,0,0,0,0,0
406500,0,7,0,0,0,0,7
406601,0,2,0,0,0,0,2
406602,0,0,0,0,0,0,0
406701,0,0,0,0,0,0,0
406702,0,10,0,0,0,0,10
406800,0,4,0,0,0,0,4
407400,0,0,0,0,0,0,0
408003,0,0,0,0,0,0,0
408004,0,0,0,0,0,0,0
408005,0,0,0,0,0,0,0
408006,0,6,0,0,0,0,6
408133,0,0,0,0,0,0,0
408134,0,0,0,0,0,0,0
408135,0,6,0,0,0,0,6
408136,0,0,0,0,0,0,0
408137,0,8,0,0,0,0,8
113231,0,0,0,0,0,0,0
113232,0,0,0,0,0,0,0
134302,0,0,0,0,0,0,0
134421,0,15,0,0,0,0,15
134422,0,0,0,0,0,0,0
134423,0,6,0,0,0,0,6
134424,0,0,0,0,0,0,0
135102,0,0,0,0,0,0,0
135201,0,12,0,0,0,0,12
135202,0,0,0,0,0,0,0
135203,0,2,0,0,0,0,2
700101,0,35,0,0,0,0,35
700102,0,8,0,0,0,0,8
700200,0,9,0,0,0,0,9
700300,0,10,0,0,0,0,10
700400,0,7,0,0,0,0,7
700501,0,3,0,0,0,0,3
700502,0,9,0,0,0,0,9
406901,0,14,0,0,0,0,14
406902,0,0,0,0,0,0,0
407001,0,0,0,0,0,0,0
407301,0,15,0,0,0,0,15
407302,0,7,0,0,0,0,7
501001,0,11,0,0,0,0,11
501002,0,1,0,0,0,0,1
502200,0,9,0,0,0,0,9
502301,0,0,0,0,0,0,0
502302,0,15,0,0,0,0,15
276000,0,2,0,0,0,0,2
276100,0,21,0,0,0,0,21
276400,0,7,0,0,0,0,7
276500,0,2,0,17,0,17,19
276601,0,5,0,0,0,0,5
276603,0,9,0,0,0,0,9
276604,0,4,0,0,0,0,4
277000,0,29,0,0,0,0,29
277100,0,8,0,0,0,0,8
277200,0,11,0,0,0,0,11
277400,0,349,0,0,0,0,349
278001,0,36,0,0,0,0,36
278102,0,8,0,0,0,0,8
980028,0,24,0,0,0,0,24
208301,0,13,0,0,0,0,13
208302,0,13,29,70,0,99,112
208720,0,11,81,0,0,81,92
208801,3,36,0,0,0,0,36
208802,1,10,0,0,0,0,10
208902,0,12,0,0,0,0,12
208903,0,19,2,148,0,150,169
208904,0,7,0,0,0,0,7
209102,0,158,0,29,0,29,187
209103,0,11,0,0,0,0,11
209104,0,2,0,98,0,98,100
209300,1,68,0,0,0,0,68
209401,0,61,0,0,0,0,61
209402,0,18,0,0,0,0,18
209403,0,36,0,0,0,0,36
209510,0,25,0,0,0,0,25
209520,0,21,0,0,0,0,21
212202,0,18,0,0,0,0,18
212203,0,11,0,0,0,0,11
212204,0,20,0,0,0,0,20
213401,0,1,0,0,0,0,1
800325,0,0,0,0,0,0,0
800326,0,41,0,0,0,0,41
600100,0,20,0,0,0,0,20
600201,0,14,0,0,0,0,14
600202,0,29,0,0,0,0,29
600302,0,11,0,0,0,0,11
600303,0,56,0,0,0,0,56
600304,0,60,16,0,0,16,76
600400,0,16,0,0,0,0,16
602801,0,88,0,0,0,0,88
602802,0,55,0,0,0,0,55
267100,0,12,0,0,0,0,12
267200,1,68,0,0,0,0,68
267800,0,9,103,0,0,103,112
267901,0,1,0,0,0,0,1
267902,0,0,0,0,0,0,0
269000,1,10,0,0,0,0,10
269300,0,10,0,0,0,0,10
271100,0,13,0,0,0,0,13
265100,0,0,0,0,0,0,0
265201,0,1,0,0,0,0,1
265202,0,37,0,0,0,0,37
265301,0,5,0,0,0,0,5
265303,0,0,0,0,0,0,0
265304,0,0,0,0,0,0,0
265305,0,7,0,0,0,0,7
265420,0,4,0,0,0,0,4
265510,0,13,0,0,0,0,13
265520,0,74,0,123,0,123,197
265601,0,0,0,0,0,0,0
265602,0,0,0,0,0,0,0
265700,0,3,0,0,0,0,3
500202,0,0,0,0,0,0,0
500300,0,2,6,0,0,6,8
501200,0,5,0,0,0,0,5
501300,0,7,0,0,0,0,7
501400,0,15,0,0,0,0,15
501501,0,3,0,0,0,0,3
501503,0,3,0,0,0,0,3
501504,4,50,0,0,0,0,50
501600,0,0,0,0,0,0,0
501700,0,0,0,0,0,0,0
501802,0,0,0,0,0,0,0
501803,0,7,0,0,0,0,7
501804,0,2,0,0,0,0,2
501900,0,3,0,0,0,0,3
502003,0,3,0,0,0,0,3
502004,0,39,0,0,0,0,39
502100,0,44,0,0,0,0,44
503301,0,0,79,0,0,79,79
503401,0,1,0,0,0,0,1
503402,0,0,0,0,0,0,0
433802,0,5,60,0,0,60,65
540600,0,17,0,0,0,0,17
540700,0,49,0,0,0,0,49
540800,0,14,0,0,0,0,14
540901,0,33,0,0,0,0,33
540902,0,195,0,0,0,0,195
541400,0,15,0,0,0,0,15
541500,0,6,0,0,0,0,6
294110,0,86,0,0,0,0,86
294120,0,8,0,0,0,0,8
294200,0,35,0,0,0,0,35
294301,0,10,0,0,0,0,10
294302,0,47,0,0,0,0,47
294410,0,17,0,0,0,0,17
294510,0,2,0,0,0,0,2
294520,0,0,0,0,0,0,0
294610,0,16,0,0,0,0,16
294620,0,0,0,0,0,0,0
294701,0,35,19,0,0,19,54
294810,0,38,0,0,0,0,38
294820,0,23,0,0,0,0,23
294830,0,49,0,0,0,0,49
294900,0,1,0,0,0,0,1
980014,0,220,0,0,0,0,220
980031,0,24,0,0,0,0,24
192510,0,32,0,0,0,0,32
192520,0,7,0,0,0,0,7
192610,0,35,0,0,0,0,35
192620,0,61,0,0,0,0,61
211201,0,8,0,0,0,0,8
211202,0,6,0,0,0,0,6
211310,0,4,0,0,0,0,4
211320,0,10,0,0,0,0,10
211410,0,0,0,0,0,0,0
211420,0,9,0,0,0,0,9
211802,0,24,0,0,0,0,24
211803,0,2,0,0,0,0,2
211804,0,4,0,0,0,0,4
211910,0,2,0,22,0,22,24
211921,0,5,0,0,0,0,5
211922,0,0,0,0,0,0,0
212101,0,29,0,0,0,0,29
212102,0,13,0,0,0,0,13
212303,0,11,0,0,0,0,11
212304,0,3,0,0,0,0,3
212305,0,9,0,0,0,0,9
212306,0,4,0,0,0,0,4
212410,0,5,0,0,0,0,5
212420,0,10,0,0,0,0,10
212501,0,2,0,0,0,0,2
212502,0,19,0,0,0,0,19
213201,0,13,0,0,0,0,13
113421,0,12,0,0,0,0,12
113422,0,18,0,0,0,0,18
134001,0,12,0,0,0,0,12
134002,0,5,0,0,0,0,5
134101,0,0,0,0,0,0,0
134103,0,0,0,0,0,0,0
134104,0,11,0,0,0,0,11
134710,0,23,0,0,0,0,23
134720,0,8,0,0,0,0,8
134800,0,3,0,0,0,0,3
134904,0,0,0,0,0,0,0
134903,0,8,0,0,0,0,8
134905,0,11,0,0,0,0,11
135111,0,1,0,0,0,0,1
135113,0,17,0,0,0,0,17
135114,0,2,0,0,0,0,2
137000,0,0,0,0,0,0,0
137103,0,7,0,0,0,0,7
137104,0,45,0,0,0,0,45
137201,0,18,0,0,0,0,18
137301,0,33,0,0,0,0,33
137302,0,4,0,0,0,0,4
137401,0,6,0,0,0,0,6
137402,0,5,0,0,0,0,5
137501,0,5,0,0,0,0,5
137502,0,13,0,0,0,0,13
137504,0,0,0,0,0,0,0
138000,0,0,0,0,0,0,0
930401,0,5,0,0,0,0,5
